,degree_centrality,eigenvector_centrality,closeness_centrality,betweenness_centrality,subgraph_centrality,load_centrality,harmonic_centrality,reaching_centrality,clustering_centrality,pagerank
243273.MG_001,0.3559322033898305,0.061818818172317776,0.6059050064184852,0.0019929397828684545,2.0162546455636714e+62,0.0019742501919218906,319.49999999999994,0.6769067796610169,0.4750499001996008,367.0
243273.MG_002,0.15677966101694915,0.029095682687450136,0.5369738339021616,0.00036868457011775545,4.466488067493618e+61,0.0003752891532878766,271.4999999999999,0.5752118644067793,0.5597926693817105,76.0
243273.MG_003,0.4004237288135593,0.07175551246580555,0.6235138705416117,0.0027912788608626515,2.716549069601477e+62,0.0027534343105263454,330.16666666666663,0.699505649717514,0.4872227850951255,405.0
243273.MG_004,0.4491525423728814,0.07702145921154804,0.6439290586630286,0.004159635589781408,3.1298955012987966e+62,0.004111273890536198,341.8333333333333,0.7242231638418078,0.4474201913618886,454.0
243273.MG_005,0.423728813559322,0.07518193360440065,0.6327077747989276,0.003338279974116125,2.982197365241126e+62,0.003321588531734465,335.66666666666663,0.7111581920903954,0.47165829145728644,439.0
243273.MG_006,0.3601694915254237,0.057702346439027226,0.6066838046272494,0.003240100343300398,1.7566664881360757e+62,0.0032255095180454226,320.33333333333326,0.6786723163841807,0.4146884789418726,415.0
243273.MG_007,0.23940677966101695,0.04104155331037488,0.5632458233890215,0.0010978106627951216,8.886956684338906e+61,0.0011008723228284616,291.3333333333332,0.6172316384180788,0.47013274336283184,237.0
243273.MG_008,0.2902542372881356,0.053109029974682406,0.5784313725490197,0.0009410548261095103,1.4881338546888776e+62,0.0009350344269040956,302.9999999999999,0.6419491525423725,0.5192142550450837,144.0
243273.MG_009,0.2648305084745763,0.04299985091315032,0.5749086479902558,0.0016750954391760654,9.755210364837689e+61,0.0016647932325476282,298.1666666666667,0.6317090395480225,0.424,323.0
243273.MG_010,0.3114406779661017,0.057888294587649505,0.59,0.0015284538115452903,1.7680367798984234e+62,0.0015146230317353835,308.99999999999994,0.6546610169491525,0.5196160656043239,201.0
243273.MG_018,0.2584745762711864,0.033106494246752584,0.5714285714285714,0.0054503667139263945,5.782655425011926e+61,0.005570350678640791,296.33333333333326,0.627824858757062,0.30768188592331663,385.0
243273.MG_019,0.288135593220339,0.0450088451665375,0.5812807881773399,0.003478278116754087,1.0688101237276195e+62,0.003489702289760569,303.33333333333326,0.6426553672316383,0.3974945533769063,373.0
243273.MG_020,0.1652542372881356,0.025518506970665242,0.5375854214123007,0.0009452108445222244,3.435664847212143e+61,0.0009638302579571275,272.9999999999999,0.5783898305084741,0.4428904428904429,212.0
243273.MG_024,0.3644067796610169,0.06621070823136135,0.610608020698577,0.002400719330793115,2.31295080394954e+62,0.0023659924797136776,321.8333333333333,0.6818502824858756,0.4998640010879913,347.0
243273.MG_026,0.3580508474576271,0.06542028692748451,0.6066838046272494,0.002497569865028597,2.258076817508219e+62,0.002462225493747481,319.99999999999994,0.6779661016949151,0.5023950408565793,344.0
243273.MG_031,0.11864406779661017,0.019800498022517096,0.5238623751387348,0.0005511092616500761,2.0685065045585025e+61,0.0005988105780323629,261.91666666666663,0.554908192090395,0.45454545454545453,91.0
243273.MG_034,0.2627118644067797,0.04304281099518377,0.5714285714285714,0.001446991375998362,9.774719523917341e+61,0.0014624071185151126,296.9999999999999,0.629237288135593,0.44046682402307896,324.0
243273.MG_035,0.4300847457627119,0.07279244406415981,0.6344086021505376,0.005951282714808648,2.7956486069774777e+62,0.005935748644270311,336.99999999999994,0.7139830508474575,0.42905916207384287,449.0
243273.MG_038,0.2309322033898305,0.036704617229920654,0.5605700712589073,0.0012428146791195957,7.107925769034578e+61,0.001246294901758559,289.3333333333332,0.6129943502824856,0.4417261297995243,228.0
243273.MG_044,0.13983050847457626,0.020957946279497503,0.5256124721603563,0.0008032827750768828,2.3173905922447807e+61,0.0008434721425524301,265.74999999999983,0.5630296610169484,0.4125874125874126,197.0
243273.MG_047,0.3135593220338983,0.055089841165061076,0.590738423028786,0.002789020156028225,1.6012139746754206e+62,0.0027877068974755765,309.49999999999994,0.6557203389830507,0.4785806214377643,320.0
243273.MG_048,0.461864406779661,0.08467275101876744,0.6483516483516484,0.0033560228590279596,3.782680583216987e+62,0.0033165200848680734,344.66666666666663,0.7302259887005649,0.498921912653786,459.0
243273.MG_054,0.3474576271186441,0.06899145961731515,0.6028097062579821,0.0014445086204375,2.511344385726575e+62,0.0014197425877210746,317.49999999999994,0.6726694915254237,0.5996558431841987,129.0
243273.MG_056,0.19915254237288135,0.03209372258210611,0.5481997677119629,0.0011641630530766374,5.434343155655377e+61,0.0011691114311833174,281.16666666666646,0.5956920903954798,0.39830702356440173,215.0
243273.MG_057,0.1038135593220339,0.01656593494457628,0.512486427795874,0.0002857997950008138,1.4479053867727362e+61,0.0002955382462475229,256.2500000000002,0.5429025423728818,0.45663265306122447,73.0
243273.MG_058,0.4533898305084746,0.07865095213659594,0.6456908344733242,0.005173285981346455,3.2637696836838756e+62,0.005119919520490916,342.8333333333333,0.7263418079096045,0.4487736387170374,460.0
243273.MG_059,0.3495762711864407,0.060337485933804495,0.6051282051282051,0.005303685928379779,1.92082749321094e+62,0.005238491444006056,318.3333333333333,0.6744350282485875,0.4500369549150037,388.0
243273.MG_066,0.4470338983050847,0.0727073526463418,0.6413043478260869,0.005900634497444651,2.789087922689142e+62,0.005851085277605756,340.99999999999994,0.7224576271186439,0.4049650191830287,456.0
243273.MG_072,0.4216101694915254,0.07328366517822889,0.6327077747989276,0.004118451365452396,2.8334850604046513e+62,0.00405457325327848,335.3333333333333,0.7104519774011299,0.4599766509314248,437.0
243273.MG_073,0.3834745762711864,0.0652071867118301,0.6178010471204188,0.00367049263289799,2.2433423655054757e+62,0.003673418649018653,326.3333333333333,0.6913841807909604,0.4494168201350522,414.0
243273.MG_081,0.4152542372881356,0.07830357024964628,0.630173564753004,0.0023623696984409535,3.2350386437785346e+62,0.002331905831699756,333.8333333333333,0.707274011299435,0.5421768707482993,416.0
243273.MG_083,0.2923728813559322,0.05266371338940763,0.5834363411619283,0.0012994891162944537,1.463283767817468e+62,0.0012896908741145167,304.49999999999994,0.6451271186440677,0.5272400296202264,174.0
243273.MG_084,0.2245762711864407,0.03658843121758175,0.5572609208972845,0.0013069783517840239,7.063043086093965e+61,0.0013243313854308665,287.4999999999999,0.6091101694915251,0.4481581311769991,179.0
243273.MG_085,0.22245762711864406,0.03307978653150163,0.5592417061611374,0.002087796637958131,5.773322391115264e+61,0.0021388782926927597,287.6666666666666,0.609463276836158,0.4056776556776557,332.0
243273.MG_086,0.19915254237288135,0.031703798254008805,0.5494761350407451,0.0009014041234243454,5.303044148151478e+61,0.0009143983899095161,281.4999999999999,0.5963983050847455,0.4559597346145047,150.0
243273.MG_087,0.4555084745762712,0.08237176328124052,0.6456908344733242,0.0033984941237421755,3.5798991222634444e+62,0.003360605764545838,343.16666666666663,0.72704802259887,0.491588785046729,455.0
243273.MG_091,0.2711864406779661,0.04479461816503859,0.5763125763125763,0.0017269889781304163,1.0586607814320208e+62,0.0017275205895614283,299.49999999999994,0.6345338983050847,0.453494094488189,319.0
243273.MG_094,0.3877118644067797,0.06440246483888083,0.6169934640522876,0.005594020781397999,2.1883184865699733e+62,0.005513088200338093,326.83333333333326,0.6924435028248586,0.4320542845133009,425.0
243273.MG_097,0.3516949152542373,0.06158899034818883,0.6051282051282051,0.002266587041963014,2.0012953230614327e+62,0.0022471586340997605,318.66666666666663,0.675141242937853,0.4850675428988682,374.0
243273.MG_098,0.19915254237288135,0.031055938851184507,0.5494761350407451,0.001154034110850801,5.088541372269827e+61,0.0011795598017093074,281.4999999999999,0.5963983050847455,0.43216655227636697,226.0
243273.MG_102,0.3305084745762712,0.058690550967348515,0.5967130214917825,0.0018886300576154305,1.817364999224302e+62,0.0018793501275668593,313.49999999999994,0.6641949152542371,0.48966087675765096,279.0
243273.MG_103,0.2076271186440678,0.031506386835944075,0.5507584597432905,0.0015167908621619877,5.237196248909383e+61,0.0015405615063167348,283.1666666666665,0.599929378531073,0.42436355985693247,299.0
243273.MG_108,0.1504237288135593,0.021513543544108546,0.532130777903044,0.0017992699904698015,2.4418990342719953e+61,0.0018495824761524875,269.1666666666665,0.5702683615819203,0.3750503018108652,250.0
243273.MG_109,0.3453389830508475,0.05304330971881924,0.6028097062579821,0.007094114968823152,1.4844598649271244e+62,0.007029594505435223,317.16666666666663,0.6719632768361581,0.36809815950920244,409.0
243273.MG_111,0.3432203389830508,0.055929020494015165,0.6012738853503184,0.0025506118074578523,1.650349371169357e+62,0.002540412880628668,316.49999999999994,0.670550847457627,0.4349359711678552,393.0
243273.MG_112,0.3135593220338983,0.05210141887073075,0.5914786967418546,0.0024209889166658884,1.4321997045262336e+62,0.002416430186865893,309.66666666666663,0.6560734463276835,0.4347306490163633,358.0
243273.MG_115,0.2775423728813559,0.035098094643914786,0.5791411042944785,0.006860246819953401,6.499264357745025e+61,0.00687652488865932,301.16666666666663,0.6380649717514123,0.3126247798003523,400.0
243273.MG_122,0.3961864406779661,0.06738568014210809,0.6202365308804205,0.00321264581234539,2.3957506493168006e+62,0.0031779183437696387,328.83333333333326,0.6966807909604518,0.4422402392041861,427.0
243273.MG_124,0.3728813559322034,0.06544841959234847,0.612987012987013,0.0025655718245336467,2.259974312604159e+62,0.0025371770932757502,323.66666666666663,0.6857344632768361,0.47655844155844157,380.0
243273.MG_126,0.3516949152542373,0.06536747319517647,0.6051282051282051,0.001881963515199903,2.254409999982057e+62,0.0018665378126778037,318.66666666666663,0.675141242937853,0.5188755020080321,295.0
243273.MG_127,0.09745762711864407,0.014461821799641535,0.514721919302072,0.0004095849594435456,1.1034474112693601e+61,0.0004383274562216037,255.8333333333335,0.5420197740112999,0.40096618357487923,122.0
243273.MG_130,0.1864406779661017,0.02807284014221175,0.5469293163383546,0.001492904939929904,4.1579162409530276e+61,0.00151924830057224,278.8333333333332,0.5907485875706212,0.37983281086729365,277.0
243273.MG_132,0.2309322033898305,0.0343814724743357,0.5619047619047619,0.003043755810457592,6.236705132687027e+61,0.0030252353303149974,289.6666666666666,0.6137005649717512,0.3696907917091403,335.0
243273.MG_136,0.4025423728813559,0.07244557706330298,0.6235138705416117,0.0036537653274975753,2.7690722854167617e+62,0.003605188414893536,330.49999999999994,0.7002118644067795,0.4871623503202451,413.0
243273.MG_140,0.2097457627118644,0.037270287081962096,0.5526932084309133,0.0007659861964869322,7.329046738168289e+61,0.000784906181322506,283.99999999999983,0.6016949152542369,0.5458668315811173,186.0
243273.MG_142,0.4682203389830508,0.08340268145029786,0.6510344827586206,0.004102792758579546,3.6700548983847796e+62,0.004077256033117605,346.16666666666663,0.7334039548022598,0.47642945290004113,463.0
243273.MG_155,0.3665254237288136,0.0704366191969404,0.6090322580645161,0.0015938207183197077,2.6176909955031673e+62,0.0015767357139985934,321.83333333333326,0.6818502824858755,0.5858314289555048,326.0
243273.MG_163,0.3771186440677966,0.07275435220450256,0.612987012987013,0.001528275711375764,2.7927907699245626e+62,0.0015092883685868673,324.33333333333326,0.6871468926553671,0.5838887830889354,253.0
243273.MG_170,0.4703389830508475,0.08329385079749924,0.6519337016574586,0.005200107170109977,3.6605097598326273e+62,0.005153858507104111,346.66666666666663,0.7344632768361581,0.4726264726264726,462.0
243273.MG_171,0.4491525423728814,0.08031751371229408,0.6439290586630286,0.0035008805477434375,3.403570891223671e+62,0.0034891028609675347,341.8333333333333,0.7242231638418078,0.4806402575337566,453.0
243273.MG_172,0.4576271186440678,0.08277525117102015,0.6465753424657534,0.0032730841002176925,3.615063657330675e+62,0.0032380083882939973,343.66666666666663,0.7281073446327683,0.4930663221360896,457.0
243273.MG_173,0.3093220338983051,0.05820499780509886,0.5863354037267081,0.0013390440183066344,1.7874878391043654e+62,0.0013444047968590065,307.9166666666666,0.6523658192090394,0.5801606046291923,276.0
243273.MG_177,0.4851694915254237,0.08831900188486473,0.6582984658298466,0.003958901751003309,4.115505364313034e+62,0.003909247963068575,350.16666666666663,0.7418785310734463,0.49720370795985597,468.0
243273.MG_179,0.2775423728813559,0.04932875640675482,0.5735115431348724,0.0014142822567150494,1.2838577019831392e+62,0.001424820753043384,299.83333333333314,0.6352401129943499,0.5115678214914856,271.0
243273.MG_180,0.2754237288135593,0.04859844460342289,0.5721212121212121,0.0015308876954310893,1.2461252924924018e+62,0.0015411085869563416,299.16666666666646,0.6338276836158188,0.5055456171735242,293.0
243273.MG_188,0.11440677966101695,0.015683978142288856,0.5198237885462555,0.00045619443151281234,1.297810646529971e+61,0.0004677945336161013,260.0833333333333,0.5510240112994347,0.35080363382250174,101.0
243273.MG_190,0.2055084745762712,0.030255020305650134,0.5501165501165501,0.002245996511503413,4.8294130513384473e+61,0.0022531520039928005,282.6666666666665,0.5988700564971747,0.3745704467353952,286.0
243273.MG_191,0.19703389830508475,0.026768539261665347,0.5475638051044084,0.003748150493858214,3.7805058988397064e+61,0.0037883865680120783,280.6666666666665,0.5946327683615815,0.3613838242169238,337.0
243273.MG_192,0.1038135593220339,0.01193182691975107,0.5164113785557987,0.0009706343811962696,7.511195138642024e+60,0.0010424511369630613,257.3333333333334,0.5451977401129944,0.3715986394557823,248.0
243273.MG_194,0.3665254237288136,0.06564611722420303,0.6113989637305699,0.0026497266114930617,2.273673568331609e+62,0.0026211356114609536,322.3333333333333,0.682909604519774,0.48635569296948516,381.0
243273.MG_195,0.4025423728813559,0.06746247059423176,0.6251655629139072,0.005239400923253662,2.4012393221180794e+62,0.005172128580297844,330.8333333333333,0.7009180790960452,0.42094124199387356,431.0
243273.MG_200,0.23516949152542374,0.039473570208373304,0.5639187574671446,0.0025170454263057163,8.220888826659751e+61,0.002449568630875039,290.83333333333326,0.6161723163841807,0.4533988533988534,261.0
243273.MG_201,0.3919491525423729,0.07258675641248999,0.6202365308804205,0.0022942220835547767,2.779887505041327e+62,0.0022685032256386057,328.16666666666663,0.6952683615819208,0.5158049353701527,402.0
243273.MG_203,0.2627118644067797,0.04378952689325369,0.5707376058041113,0.0014266218037568338,1.0116767403753868e+62,0.0014243134191106132,296.8333333333332,0.6288841807909602,0.45698924731182794,231.0
243273.MG_204,0.2817796610169492,0.04729210612278694,0.5784313725490197,0.0017518139853421395,1.1799959643159779e+62,0.0017479072047124442,301.66666666666663,0.6391242937853105,0.4569377990430622,306.0
243273.MG_205,0.3199152542372881,0.05760182892072098,0.592964824120603,0.001920116640040564,1.7505860940519086e+62,0.001897842203694536,310.99999999999994,0.6588983050847457,0.4867108167770419,236.0
243273.MG_206,0.2838983050847458,0.0498188037647727,0.5812807881773399,0.0012992555204721081,1.3094501987801575e+62,0.0012930787805703503,302.66666666666663,0.6412429378531073,0.49006845471888677,169.0
243273.MG_210,0.23728813559322035,0.03978694376759945,0.5639187574671446,0.0018254070313236269,8.351893096612625e+61,0.0018201362839218352,291.16666666666663,0.6168785310734461,0.46653796653796653,269.0
243273.MG_213,0.17372881355932204,0.02636740946572745,0.5412844036697247,0.0012722374676959643,3.668061072268072e+61,0.001291556830854525,275.3333333333332,0.5833333333333329,0.40861186389641674,252.0
243273.MG_215,0.2944915254237288,0.049263784021804535,0.5841584158415841,0.0025741693247138503,1.2804368751314636e+62,0.0025416218406116597,304.99999999999994,0.6461864406779659,0.4519862370972787,333.0
243273.MG_216,0.4406779661016949,0.07461102384812951,0.6404341926729986,0.006124723571194026,2.937063444350733e+62,0.005986230534708786,339.8333333333333,0.7199858757062146,0.43710516536603494,452.0
243273.MG_222,0.1927966101694915,0.03305441273856155,0.5494761350407451,0.0019714466873981397,5.764524110825593e+61,0.0018952536882088618,280.49999999999994,0.594279661016949,0.4656898656898657,193.0
243273.MG_224,0.4385593220338983,0.07654891251207528,0.638700947225981,0.007715367044561445,3.091622215629511e+62,0.007360493305706094,339.16666666666663,0.7185734463276835,0.45870268749120585,446.0
243273.MG_227,0.2754237288135593,0.04203001590992731,0.5763125763125763,0.0032109822927860825,9.320052369366278e+61,0.0032408683482605047,300.1666666666666,0.6359463276836156,0.3996422182468694,363.0
243273.MG_228,0.3029661016949153,0.04999823885039282,0.5885286783042394,0.002923432073889555,1.3189022070543067e+62,0.0029320329908775595,307.3333333333333,0.6511299435028248,0.44518861420269873,357.0
243273.MG_229,0.2055084745762712,0.034181720105824764,0.5533411488862837,0.0014129149962596218,6.164400587142891e+61,0.0014342043576253667,283.49999999999994,0.6006355932203388,0.46155498281786944,246.0
243273.MG_231,0.3072033898305085,0.05411877213327944,0.5870646766169154,0.00217103801453222,1.5452587790464044e+62,0.0021562908727022394,307.6666666666666,0.6518361581920902,0.48247126436781607,309.0
243273.MG_235,0.2733050847457627,0.04876400342114515,0.5770171149144254,0.0013997846403997949,1.2545911863696235e+62,0.001384713208455407,299.99999999999994,0.6355932203389829,0.5142926356589147,148.0
243273.MG_238,0.5233050847457628,0.08860492865977014,0.6762177650429799,0.008460121093874798,4.142164252737735e+62,0.008398086407502493,359.3333333333333,0.7612994350282486,0.4265165728580363,471.0
243273.MG_239,0.298728813559322,0.05152521754251826,0.5848822800495663,0.0025630413862124364,1.4006915032600478e+62,0.002542106578803924,305.83333333333326,0.6479519774011298,0.48308004052684905,312.0
243273.MG_244,0.2478813559322034,0.04104701059574447,0.5666266506602641,0.0013111394936865593,8.889232259001065e+61,0.0013155146608650023,293.4999999999999,0.6218220338983048,0.4535809018567639,264.0
243273.MG_247,0.15677966101694915,0.024659767510560773,0.5369738339021616,0.0007471978376895852,3.208331288152187e+61,0.0007831927698735598,271.4999999999999,0.5752118644067793,0.40836727138097,66.0
243273.MG_249,0.3389830508474576,0.06078726714210961,0.6005089058524173,0.00246339466249754,1.9495435854222177e+62,0.0024246707293250637,315.66666666666663,0.6687853107344632,0.4932389937106918,308.0
243273.MG_250,0.3093220338983051,0.05757605370974869,0.5892634207240949,0.001901608587660302,1.7490164615601302e+62,0.0018730503885341656,308.49999999999994,0.6536016949152541,0.5186584789796882,143.0
243273.MG_254,0.3220338983050847,0.05168603669691534,0.5952080706179067,0.002856055824537315,1.4094459215783483e+62,0.0028522254444364103,311.8333333333333,0.6606638418079096,0.4128616242593238,383.0
243273.MG_258,0.4004237288135593,0.07124545613155266,0.6210526315789474,0.0038019091029381537,2.678081294313538e+62,0.0037552702511044764,329.74999999999994,0.6986228813559321,0.47703478554542383,419.0
243273.MG_261,0.3834745762711864,0.05841268199602342,0.6169934640522876,0.004593560078412506,1.8001715365320598e+62,0.004547722364320561,326.16666666666663,0.6910310734463276,0.38686310620012276,433.0
243273.MG_262,0.3601694915254237,0.05373650330466936,0.6066838046272494,0.004835479710183824,1.5234889862359905e+62,0.004815274246594639,320.33333333333326,0.6786723163841807,0.37271145144448314,424.0
243273.MG_266,0.3919491525423729,0.07167478802213478,0.6202365308804205,0.003393441464621495,2.7104622046749328e+62,0.0033625222593664295,328.16666666666663,0.6952683615819208,0.5010575793184489,394.0
243273.MG_268,0.12076271186440678,0.017084672403156972,0.5203969128996693,0.00045318037897809405,1.5399557048465641e+61,0.00046245009074418424,261.16666666666663,0.5533192090395475,0.4342105263157895,89.0
243273.MG_275,0.19915254237288135,0.030568456024170104,0.5475638051044084,0.0012908338656975416,4.929994989795231e+61,0.0013042926915767512,280.99999999999983,0.595338983050847,0.4172958133150309,233.0
243273.MG_276,0.3559322033898305,0.062373410597932555,0.6051282051282051,0.0028334407062121656,2.052625941004189e+62,0.00283229396169861,319.33333333333326,0.676553672316384,0.4630738522954092,379.0
243273.MG_282,0.4216101694915254,0.07589249384291445,0.6327077747989276,0.007227598107241433,3.038843108577048e+62,0.007003264119196592,335.3333333333333,0.7104519774011299,0.48571138520887264,430.0
243273.MG_283,0.3559322033898305,0.06393409087150065,0.6059050064184852,0.005152099868816449,2.1566300946655646e+62,0.005034540015925686,319.49999999999994,0.6769067796610169,0.4857428001140576,355.0
243273.MG_297,0.4703389830508475,0.08141399119434142,0.65283540802213,0.006792977683231924,3.497110892936606e+62,0.006646550175939152,346.8333333333333,0.7348163841807909,0.44828991887815417,464.0
243273.MG_298,0.3156779661016949,0.04145794331274842,0.5937106918238994,0.00674378986549906,9.068106360846014e+61,0.006728692720819421,310.5,0.6578389830508474,0.310901505532378,417.0
243273.MG_299,0.2902542372881356,0.05031248014841837,0.5834363411619283,0.001756846975144911,1.3355563673182203e+62,0.0017465740594650846,304.16666666666663,0.6444209039548022,0.4694074710176041,289.0
243273.MG_300,0.385593220338983,0.0672321925017441,0.6169934640522876,0.0031611414021307507,2.384855255377846e+62,0.003136922086174227,326.49999999999994,0.6917372881355931,0.46505980207637665,403.0
243273.MG_301,0.4788135593220339,0.08000389266811289,0.6564673157162726,0.0062287677355720465,3.376984312543643e+62,0.0061164928974697524,348.8333333333333,0.7390536723163842,0.42442477876106194,466.0
243273.MG_303,0.13983050847457626,0.024672523034752116,0.5232815964523282,0.00033534922327186305,3.211728337011808e+61,0.00034470996370475934,264.9999999999999,0.5614406779661008,0.5613053613053613,145.0
243273.MG_304,0.2076271186440678,0.038366679472346704,0.5507584597432905,0.0007164852430487176,7.766484110082533e+61,0.0007247977774936454,283.1666666666665,0.599929378531073,0.5548074900063118,180.0
243273.MG_305,0.5805084745762712,0.09494476578383237,0.7023809523809523,0.010938222360558782,4.7561072347700085e+62,0.010789546135676965,372.66666666666663,0.78954802259887,0.40020320312291113,473.0
243273.MG_308,0.3093220338983051,0.0565257690416864,0.59,0.00178200341430238,1.6858002291394578e+62,0.0017696887189761672,308.66666666666663,0.6539548022598869,0.5061880018894662,240.0
243273.MG_315,0.11016949152542373,0.014656214349750268,0.5198237885462555,0.0014242212449719722,1.1332968825838095e+61,0.0015412655392158128,259.3333333333334,0.5494350282485873,0.34087481146304677,235.0
243273.MG_334,0.4427966101694915,0.08188431002743116,0.6395663956639567,0.0044066634794353975,3.5376251551952265e+62,0.004283020115679952,339.99999999999994,0.7203389830508473,0.5122377622377622,445.0
243273.MG_336,0.2266949152542373,0.03536142298567693,0.5599051008303677,0.002745700306616965,6.597218271460019e+61,0.0028700150654524187,288.4999999999999,0.6112288135593218,0.4069828954329042,239.0
243273.MG_339,0.4788135593220339,0.0775043881324961,0.6564673157162726,0.006159090434530337,3.1692685468958683e+62,0.006070356197226088,348.8333333333333,0.7390536723163842,0.4023992133726647,467.0
243273.MG_340,0.423728813559322,0.07956018693589734,0.6327077747989276,0.0035657944060349892,3.3396784984921747e+62,0.003493943638814008,335.66666666666663,0.7111581920903954,0.5285929648241205,408.0
243273.MG_341,0.4745762711864407,0.08650158528394883,0.6546463245492372,0.004271793539943897,3.9478419187338636e+62,0.004178213857374095,347.8333333333333,0.7369350282485875,0.4939541960281871,465.0
243273.MG_345,0.3771186440677966,0.06975999817387593,0.6153846153846154,0.002920473695865555,2.5675758520924316e+62,0.0029084160709272056,324.8333333333333,0.6882062146892655,0.5105059353773884,285.0
243273.MG_352,0.1843220338983051,0.026259972222553732,0.5469293163383546,0.001403691772499317,3.6382152780486404e+61,0.001438592181131574,278.49999999999994,0.5900423728813556,0.39080459770114945,229.0
243273.MG_355,0.3050847457627119,0.0556615554457494,0.5877957658779577,0.0023837325707015554,1.6346262273987662e+62,0.002344821224853646,307.49999999999994,0.6514830508474575,0.5097125097125097,187.0
243273.MG_357,0.385593220338983,0.06834723033281569,0.6178010471204188,0.002393868725612195,2.464634134495529e+62,0.0023785691101102777,326.66666666666663,0.6920903954802259,0.47076680225851497,407.0
243273.MG_358,0.2584745762711864,0.040166632464707065,0.5721212121212121,0.002500657913201667,8.511986555178402e+61,0.0024593063087525124,296.49999999999994,0.6281779661016947,0.419184392358759,341.0
243273.MG_359,0.2860169491525424,0.04562769927655447,0.582716049382716,0.0027749234168559177,1.098394117982023e+62,0.0027055717167991876,303.3333333333333,0.6426553672316384,0.4299613045881703,349.0
243273.MG_360,0.1843220338983051,0.024885472173218997,0.5450346420323325,0.001549387785584108,3.267285740506189e+61,0.0015835417175673308,277.9999999999999,0.5889830508474573,0.39855653568564553,259.0
243273.MG_361,0.3559322033898305,0.0712203687106761,0.6051282051282051,0.0010909889974515781,2.6762452749289694e+62,0.0010846405691355256,319.33333333333326,0.676553672316384,0.6156971770744226,114.0
243273.MG_362,0.3029661016949153,0.06234939202505278,0.5877957658779577,0.0006957410639652907,2.051086364784685e+62,0.0006876123460792193,307.16666666666663,0.650776836158192,0.6692603171476411,49.0
243273.MG_367,0.3432203389830508,0.06102541823493962,0.6012738853503184,0.0031002578954606045,1.964852714671012e+62,0.0030107754180111177,316.49999999999994,0.670550847457627,0.48370523732842574,336.0
243273.MG_368,0.298728813559322,0.051273933994996274,0.5856079404466501,0.0025018984094481657,1.387078944110545e+62,0.0024779848229576212,305.99999999999994,0.6483050847457625,0.4519756838905775,339.0
243273.MG_369,0.15254237288135594,0.023272932876387955,0.5375854214123007,0.0012627793457493505,2.857637682771238e+61,0.0013221791958327666,270.99999999999994,0.5741525423728812,0.39241001564945227,218.0
243273.MG_375,0.4343220338983051,0.07563215823551785,0.6378378378378379,0.005694750554203631,3.018014878386283e+62,0.005623360625272415,338.3333333333333,0.7168079096045198,0.45585844093735056,444.0
243273.MG_378,0.4661016949152542,0.08254721256606343,0.650137741046832,0.005539573037386543,3.595133755549025e+62,0.005407986070714017,345.66666666666663,0.7323446327683615,0.46982150269821504,461.0
243273.MG_379,0.3686440677966102,0.06375632249462483,0.6121919584954605,0.003386386038127362,2.1446308481151717e+62,0.003281608100771559,322.8333333333333,0.6839689265536723,0.464354527938343,398.0
243273.MG_380,0.21822033898305085,0.03470960213091398,0.5526932084309133,0.0017480597420195447,6.356256910054324e+61,0.0017609380735952515,285.33333333333314,0.6045197740112989,0.42680373120121834,303.0
243273.MG_384,0.4385593220338983,0.079159211715336,0.6404341926729986,0.006639380096943072,3.306093746161703e+62,0.006580714787771113,339.5,0.7192796610169492,0.49087753857698985,450.0
243273.MG_392,0.5614406779661016,0.09338026517527775,0.6930983847283406,0.00854172741322493,4.600647714765522e+62,0.008434569606605921,368.16666666666663,0.7800141242937852,0.41555174385363064,472.0
243273.MG_393,0.288135593220339,0.042820572740782395,0.5763125763125763,0.00438247386374849,9.674259809325458e+61,0.004373214396400777,302.16666666666646,0.6401836158192086,0.3735294117647059,395.0
243273.MG_394,0.4576271186440678,0.07889861954641997,0.6474622770919067,0.004728523242386568,3.2843305913129195e+62,0.004643777520596734,343.8333333333333,0.7284604519774011,0.45271317829457364,458.0
243273.MG_400,0.3516949152542373,0.062133429642809955,0.6051282051282051,0.002941626998975993,2.036879028842798e+62,0.0029213704355612858,318.66666666666663,0.675141242937853,0.4843373493975904,371.0
243273.MG_401,0.3983050847457627,0.0729235943000573,0.621870882740448,0.0025740875676639008,2.8057487450509824e+62,0.0025401513293773497,329.49999999999994,0.6980932203389829,0.5058027079303675,386.0
243273.MG_407,0.4894067796610169,0.08526737554228246,0.6601398601398601,0.0053533838012121745,3.835980263530888e+62,0.005282347465205881,351.16666666666663,0.7439971751412429,0.455373611895351,469.0
243273.MG_417,0.4152542372881356,0.0771902454980816,0.6293333333333333,0.0027870281958572336,3.1436979211225426e+62,0.0027540245444187266,333.66666666666663,0.7069209039548022,0.5239141810570382,426.0
243273.MG_418,0.3983050847457627,0.07541946138600392,0.6226912928759895,0.002240452348517679,3.0011223553469927e+62,0.0022087790532842664,329.66666666666663,0.6984463276836157,0.5491523495278189,356.0
243273.MG_419,0.3135593220338983,0.054287228237157134,0.5914786967418546,0.0023109526207372466,1.5548935028072108e+62,0.0023050925344583794,309.66666666666663,0.6560734463276835,0.4657106085677514,327.0
243273.MG_421,0.3453389830508475,0.05908747776796559,0.6020408163265306,0.002619851968080954,1.8420237608776195e+62,0.0026149639672244517,316.99999999999994,0.6716101694915253,0.4625463909717488,372.0
243273.MG_424,0.423728813559322,0.07709841451752951,0.6327077747989276,0.004206256550683751,3.1362140067223283e+62,0.004164806685091101,335.66666666666663,0.7111581920903954,0.5015075376884423,434.0
243273.MG_425,0.3072033898305085,0.05817829633473978,0.5892634207240949,0.0015449099682764288,1.7858109018078781e+62,0.0015288480908502758,308.16666666666663,0.6528954802259886,0.5443486590038314,164.0
243273.MG_426,0.2627118644067797,0.048409522795992706,0.5728155339805825,0.0013868981391045837,1.2364673556727057e+62,0.0013907105234675886,297.33333333333326,0.6299435028248586,0.5650406504065041,249.0
243273.MG_428,0.1016949152542373,0.011331300312870432,0.5152838427947598,0.00043659449064084013,6.774074000726283e+60,0.0004649511827073509,256.6666666666668,0.5437853107344636,0.5460992907801419,183.0
243273.MG_431,0.3538135593220339,0.06034484608900565,0.6043533930857875,0.0029912893192832863,1.9212647502187682e+62,0.0030098039448280623,318.83333333333326,0.6754943502824857,0.44751460933554577,397.0
243273.MG_433,0.4343220338983051,0.08211367172727009,0.6361185983827493,0.002337667303223246,3.557503638320706e+62,0.0023122498385212548,337.99999999999994,0.7161016949152541,0.538880918220947,432.0
243273.MG_434,0.3792372881355932,0.07148995140161277,0.6145833333333334,0.002283640159170589,2.696510172712653e+62,0.0022663357569075422,324.99999999999994,0.6885593220338981,0.5301613206954994,268.0
243273.MG_445,0.4258474576271186,0.07777703445410719,0.6327077747989276,0.0034888532407828057,3.191667510519649e+62,0.003425411637913287,335.99999999999994,0.7118644067796609,0.5043283582089553,440.0
243273.MG_451,0.4449152542372881,0.08152987655702051,0.6413043478260869,0.005340051649725923,3.507092513370142e+62,0.005217254572372723,340.66666666666663,0.7217514124293785,0.5043517885623149,448.0
243273.MG_453,0.2097457627118644,0.035453687020121076,0.5526932084309133,0.0017266379154025253,6.631754090434764e+61,0.0017782618654726984,283.99999999999983,0.6016949152542369,0.43537414965986393,216.0
243273.MG_455,0.3919491525423729,0.07242735736407098,0.6178010471204188,0.002592051239007071,2.767680593187883e+62,0.002574303560115637,327.6666666666666,0.6942090395480224,0.5122209165687427,396.0
243273.MG_457,0.3792372881355932,0.06513231177475799,0.6161879895561357,0.0031614394138282883,2.2382101699667824e+62,0.0031461575585042794,325.3333333333333,0.6892655367231638,0.4452953361370912,411.0
243273.MG_458,0.25,0.04179844259670818,0.5673076923076923,0.0012969049536299035,9.217859288341465e+61,0.0013048270030042808,293.9999999999999,0.6228813559322032,0.43647689410401275,302.0
243273.MG_459,0.09745762711864407,0.01600920861053513,0.5130434782608696,0.0001788174197958896,1.3521969270297356e+61,0.00017995218742485533,255.41666666666686,0.5411370056497179,0.4454106280193237,0.0
243273.MG_462,0.4470338983050847,0.08099751841361076,0.6421768707482993,0.0030687403251297724,3.4614092306353796e+62,0.0030325118423441106,341.16666666666663,0.7228107344632767,0.49338749717896635,451.0
243273.MG_463,0.3665254237288136,0.06683020059800056,0.6098191214470284,0.001992936387435699,2.3564502521216775e+62,0.0019791811180525335,321.99999999999994,0.6822033898305083,0.5011426266971367,369.0
243273.MG_464,0.19491525423728814,0.03396631994175176,0.5450346420323325,0.0008171687595881415,6.087099618186849e+61,0.0008203719431108688,279.66666666666646,0.5925141242937847,0.482560917343526,214.0
243273.MG_465,0.2817796610169492,0.052548468456380906,0.5791411042944785,0.001049316223522928,1.4569129402463584e+62,0.0010451032233970668,301.8333333333333,0.6394774011299433,0.5483025746183641,177.0
243273.MG_466,0.2648305084745763,0.05087379084310928,0.5735115431348724,0.0008376694107813569,1.3655525923092528e+62,0.0008378685844187043,297.83333333333326,0.6310028248587569,0.5967741935483871,135.0
243273.MG_469,0.3538135593220339,0.06382103708362777,0.6035805626598465,0.003123928497923342,2.1490007488765986e+62,0.0030602445644343956,318.6666666666666,0.6751412429378529,0.49621239448813215,316.0
243273.MG_470,0.13135593220338984,0.023513591585921933,0.5297418630751964,0.000259654346380625,2.917049852816689e+61,0.0002610915363118233,265.4999999999999,0.5624999999999997,0.5224748810153358,0.0
243273.MG_498,0.2521186440677966,0.03942216508606281,0.5693606755126659,0.001737943503696467,8.199364218596414e+61,0.0017361778682178852,294.83333333333326,0.6246468926553671,0.43668993020937186,313.0
243273.MG_522,0.25,0.04768697001992819,0.5686746987951807,0.0013382773561213454,1.1998279821388194e+62,0.0013584744601073087,294.33333333333326,0.6235875706214687,0.5761263218890338,141.0
243273.MG_070,0.413135593220339,0.07733948339336155,0.6284953395472703,0.0027785418872645056,3.155857929565806e+62,0.002774843869862144,333.16666666666663,0.7058615819209039,0.5282579962992334,406.0
243273.MG_089,0.521186440677966,0.09185947343010847,0.6752503576537912,0.0051930630668069475,4.452044329851599e+62,0.005142438392487597,358.8333333333333,0.7602401129943502,0.46324871411979424,470.0
243273.MG_106,0.23940677966101695,0.03433301163324345,0.5673076923076923,0.003142692593026698,6.219072415122968e+61,0.0031747997503367305,292.3333333333333,0.6193502824858756,0.3585651074589128,351.0
243273.MG_113,0.3220338983050847,0.05551498204183877,0.592964824120603,0.002482607447112937,1.6260311432690623e+62,0.0024683068827559803,311.33333333333326,0.6596045197740111,0.4525095852213315,338.0
243273.MG_141,0.3453389830508475,0.061905192824549767,0.6005089058524173,0.00217836776676507,2.0219511315108458e+62,0.002178506652262329,316.6666666666666,0.6709039548022597,0.4959478906309172,352.0
243273.MG_151,0.4046610169491525,0.07812102595883298,0.6251655629139072,0.0016258513847895902,3.219993089969523e+62,0.0015939003442922426,331.16666666666663,0.7016242937853107,0.575254891154588,329.0
243273.MG_157,0.3961864406779661,0.07611494206609715,0.621870882740448,0.0016260420796379176,3.0567494746152005e+62,0.0015960541107269803,329.16666666666663,0.6973870056497175,0.5747225576447588,362.0
243273.MG_162,0.2521186440677966,0.04885855330211,0.5679903730445247,0.0006560242644400217,1.2595298117992768e+62,0.0006698628151326395,294.4999999999999,0.6239406779661014,0.6769690927218345,199.0
243273.MG_168,0.4258474576271186,0.0795864145679321,0.6335570469798658,0.003086424973745041,3.34192312116073e+62,0.0030287530677049015,336.16666666666663,0.7122175141242937,0.5359203980099503,429.0
243273.MG_169,0.3961864406779661,0.0748450876983436,0.621870882740448,0.0018834119169173448,2.955602762295207e+62,0.00184940225685101,329.16666666666663,0.6973870056497175,0.5539071933758841,384.0
243273.MG_184,0.1038135593220339,0.01887278342148207,0.49736564805057953,3.851763193614288e-05,1.8793603328260122e+61,4.147699306797076e-05,251.58333333333383,0.5330155367231649,0.9294217687074829,98.0
243273.MG_196,0.385593220338983,0.07298488378935622,0.6186107470511141,0.0020080242765491024,2.81048363368715e+62,0.0019908262530866946,326.8333333333333,0.6924435028248587,0.5452613684657883,354.0
243273.MG_202,0.046610169491525424,0.00812347638996942,0.490134994807892,1.1146009139890892e-05,3.481640207656135e+60,1.1475192467795505e-05,240.25000000000037,0.5090042372881364,0.8354978354978355,0.0
243273.MG_246,0.1716101694915254,0.02695163359795586,0.543778801843318,0.0006427663647389639,3.832398214554277e+61,0.0006493147949472009,275.66666666666663,0.5840395480225987,0.43425925925925923,139.0
243273.MG_251,0.24364406779661016,0.04231566096547975,0.5632458233890215,0.00136929099788681,9.447278293886178e+61,0.0013776800757762248,291.99999999999983,0.6186440677966099,0.49138062547673533,204.0
243273.MG_278,0.2860169491525424,0.04414021779096903,0.5812807881773399,0.003656982761121217,1.0279600890769057e+62,0.0036506837411454675,302.99999999999994,0.6419491525423727,0.3750138197899392,368.0
243273.MG_311,0.4300847457627119,0.07713506361931034,0.6352624495289367,0.007887400500485892,3.1392085259870012e+62,0.0075767558614468055,337.16666666666663,0.7143361581920903,0.4925620640881822,441.0
243273.MG_329,0.3983050847457627,0.06983753789347547,0.6235138705416117,0.005968350608932124,2.5733096716514627e+62,0.005822945005465979,329.8333333333333,0.6987994350282486,0.4634201843213107,423.0
243273.MG_330,0.22033898305084745,0.035619424445696664,0.5572609208972845,0.0019118976254141591,6.693892561371779e+61,0.0018976784557899163,286.8333333333332,0.607697740112994,0.4324122479462285,292.0
243273.MG_356,0.07627118644067797,0.011823852883799859,0.5102702702702703,0.00020734958274223778,7.375983325561114e+60,0.00022115788089297687,251.16666666666683,0.5321327683615823,0.43174603174603177,146.0
243273.MG_382,0.2669491525423729,0.045312043009720276,0.5742092457420924,0.0012278886474861549,1.0832642649547153e+62,0.0012243018489706047,298.33333333333326,0.6320621468926552,0.4568888888888889,227.0
243273.MG_391,0.23940677966101695,0.03886772361279435,0.5619047619047619,0.0021441410520179325,7.970443929965998e+61,0.002182081734336357,290.9999999999999,0.6165254237288132,0.4382111251580278,274.0
243273.MG_399,0.3898305084745763,0.06986382646954525,0.6194225721784777,0.00281669598165047,2.575232086854912e+62,0.002791680556680463,327.66666666666663,0.6942090395480225,0.488952245188881,399.0
243273.MG_442,0.2796610169491525,0.049675909569413486,0.5805658056580566,0.0023057295659137883,1.3019760579321804e+62,0.00228190329630179,301.8333333333333,0.6394774011299434,0.46992829053897756,266.0
243273.MG_023,0.3686440677966102,0.06776479997457975,0.6121919584954605,0.002735991342199323,2.422809665350793e+62,0.0027075684709812996,322.8333333333333,0.6839689265536723,0.5107301840409275,304.0
243273.MG_029,0.163135593220339,0.026737697839259555,0.5375854214123007,0.0010122859936486316,3.771819342307697e+61,0.0010458206066520158,272.66666666666646,0.5776836158192086,0.4449760765550239,176.0
243273.MG_030,0.336864406779661,0.057800216132420215,0.5982256020278834,0.0033057861051081694,1.7626462427342213e+62,0.0032722274952316074,314.83333333333326,0.6670197740112993,0.45736804394554575,359.0
243273.MG_036,0.3114406779661017,0.057972472563272995,0.59,0.0013031204311839634,1.7731836213092255e+62,0.0012907679030582213,308.99999999999994,0.6546610169491525,0.518963749883515,151.0
243273.MG_041,0.22245762711864406,0.036767508159034075,0.5572609208972845,0.0011066088057272172,7.132335107582702e+61,0.0011094187179162352,287.1666666666666,0.6084039548022596,0.46593406593406594,159.0
243273.MG_042,0.2076271186440678,0.03411827700271382,0.554641598119859,0.0008159333698173983,6.141513437273889e+61,0.0008200078296150239,284.16666666666663,0.6020480225988698,0.4735956238165369,168.0
243273.MG_046,0.3050847457627119,0.05199260356302111,0.5885286783042394,0.0018297669468838515,1.426220302845334e+62,0.0018121561335528655,307.66666666666663,0.6518361581920903,0.4601787101787102,328.0
243273.MG_049,0.16101694915254236,0.027638463580248348,0.5333333333333333,0.0003468378694698989,4.0302604834269164e+61,0.0003484670397165278,271.1666666666664,0.5745056497175134,0.4880701754385965,0.0
243273.MG_050,0.22245762711864406,0.03552217881632341,0.5559481743227326,0.0010810507906542166,6.657349477317731e+61,0.0010839941993997298,286.83333333333314,0.6076977401129939,0.42857142857142855,288.0
243273.MG_053,0.2966101694915254,0.0447779843754647,0.5841584158415841,0.0027471886863988677,1.0578666689878108e+62,0.0027570880491103733,305.33333333333326,0.6468926553672315,0.3809866392600206,387.0
243273.MG_060,0.0614406779661017,0.008845867930998728,0.49736564805057953,0.0001787494589610255,4.128435748232967e+60,0.00019261342725762886,244.83333333333366,0.5187146892655374,0.43103448275862066,111.0
243273.MG_062,0.15677966101694915,0.02507177185053754,0.5369738339021616,0.0008838778511470075,3.3164697802711326e+61,0.000896614880650279,271.4999999999999,0.5752118644067793,0.44390966308774527,210.0
243273.MG_063,0.17584745762711865,0.026368346284813018,0.5412844036697247,0.0010781196670899458,3.668303764380327e+61,0.0010990232009295642,275.6666666666665,0.5840395480225984,0.45401116661769025,254.0
243273.MG_077,0.19491525423728814,0.03106892293076861,0.5469293163383546,0.0014091703467838145,5.092821329724494e+61,0.0014320965902904787,280.1666666666665,0.5935734463276832,0.4376493072145246,267.0
243273.MG_078,0.2097457627118644,0.03852572945661561,0.5552941176470588,0.0006507801569628285,7.830889891867834e+61,0.0006504370093888159,284.6666666666666,0.6031073446327682,0.5580292723149866,125.0
243273.MG_079,0.2860169491525424,0.0540464411341777,0.5819975339087546,0.0013136441045425269,1.5411642701159667e+62,0.0013132834154093906,303.16666666666663,0.6423022598870056,0.5529021558872305,192.0
243273.MG_088,0.4385593220338983,0.0801574128707993,0.638700947225981,0.004123882225812117,3.390024015097645e+62,0.00402827414516468,339.16666666666663,0.7185734463276835,0.5036349139346185,443.0
243273.MG_090,0.3538135593220339,0.06727246499945408,0.6051282051282051,0.001602304341596803,2.387769122550341e+62,0.0015872268434466365,318.99999999999994,0.6758474576271185,0.5682851165139601,307.0
243273.MG_099,0.2838983050847458,0.044918884086215596,0.5791411042944785,0.002774911344418284,1.0645423568388667e+62,0.0027500829713578223,302.1666666666666,0.6401836158192088,0.4100549882168107,364.0
243273.MG_104,0.3961864406779661,0.07066582048176825,0.6210526315789474,0.002615331186035614,2.6346866752005027e+62,0.002578856762536193,328.99999999999994,0.6970338983050847,0.48289345063538613,410.0
243273.MG_107,0.413135593220339,0.07303267727625763,0.6284953395472703,0.003218265520184821,2.814129234993602e+62,0.0031825259072530603,333.16666666666663,0.7058615819209039,0.47079037800687284,436.0
243273.MG_118,0.2627118644067797,0.040251672108038,0.5714285714285714,0.0019288800416914574,8.548069662762018e+61,0.001924805958298288,296.9999999999999,0.629237288135593,0.4013899816417519,325.0
243273.MG_138,0.4088983050847458,0.0681787212048516,0.6276595744680851,0.006988916946924233,2.452469726618443e+62,0.006802281510538005,332.3333333333333,0.70409604519774,0.42352115716753025,435.0
243273.MG_143,0.3495762711864407,0.06171027311360599,0.6043533930857875,0.002492833449072319,2.0092458016361713e+62,0.002487377129944292,318.16666666666663,0.6740819209039547,0.4885439763488544,392.0
243273.MG_149,0.15677966101694915,0.02426648756020185,0.5256124721603563,0.0009257035842714739,3.107032162277578e+61,0.0009698157042289656,268.41666666666646,0.5686793785310724,0.5746019992595335,244.0
243273.MG_152,0.3644067796610169,0.07125073960214436,0.6090322580645161,0.001149182735322716,2.678550100513763e+62,0.0011301387240011253,321.49999999999994,0.6811440677966101,0.60703114375085,162.0
243273.MG_164,0.2860169491525424,0.055777494033321745,0.5791411042944785,0.0011618106187601613,1.641509783977571e+62,0.001153424538648747,302.4999999999999,0.6408898305084744,0.6563847429519072,198.0
243273.MG_167,0.3919491525423729,0.07440280320736388,0.6202365308804205,0.001748328157193972,2.9207769801874124e+62,0.001721724512256843,328.16666666666663,0.6952683615819208,0.5615158636897767,361.0
243273.MG_175,0.4110169491525424,0.0774175236918697,0.6276595744680851,0.0019973945674488704,3.162263166848975e+62,0.0019652163062731693,332.66666666666663,0.7048022598870056,0.5492762138774638,422.0
243273.MG_176,0.4046610169491525,0.07704197778416819,0.6251655629139072,0.0018057846686908945,3.13165749045948e+62,0.0017754769864130597,331.16666666666663,0.7016242937853107,0.5616423257095619,391.0
243273.MG_178,0.423728813559322,0.0748133166748896,0.6327077747989276,0.005945195811674894,2.9530890056882327e+62,0.005868122190461035,335.66666666666663,0.7111581920903954,0.4852261306532663,438.0
243273.MG_207,0.0614406779661017,0.009900475974383243,0.5010615711252654,6.37558874141226e-05,5.171440497419487e+60,6.478709746574901e-05,246.00000000000026,0.5211864406779666,0.4827586206896552,0.0
243273.MG_212,0.1864406779661017,0.0274727140058084,0.545664739884393,0.0013922010974216467,3.982008244244977e+61,0.001419093756981362,278.4999999999999,0.5900423728813555,0.3960292580982236,257.0
243273.MG_232,0.3453389830508475,0.06680562095990487,0.6020408163265306,0.0016688941970317331,2.3547431512123254e+62,0.0016447726415271943,316.99999999999994,0.6716101694915253,0.5797924714080134,158.0
243273.MG_240,0.23728813559322035,0.03849451483311357,0.5645933014354066,0.005106475134956532,7.818119659605391e+61,0.004701825095651422,291.3333333333333,0.6172316384180789,0.4203667953667954,262.0
243273.MG_253,0.3792372881355932,0.06895500359415588,0.612987012987013,0.003291788511816824,2.508660765830993e+62,0.003238252593952488,324.6666666666666,0.6878531073446326,0.49639068482832216,375.0
243273.MG_257,0.3199152542372881,0.05884232559383256,0.5922208281053952,0.0024604500070193533,1.826827677164061e+62,0.0024386531009592542,310.83333333333326,0.6585451977401129,0.5316556291390728,297.0
243273.MG_292,0.4046610169491525,0.0706893393641148,0.6259946949602122,0.00374386866784755,2.6364423086716397e+62,0.003723343706746986,331.3333333333333,0.7019774011299434,0.4661339211904106,428.0
243273.MG_294,0.11440677966101695,0.015298672147591523,0.5158469945355191,0.0006876936244292807,1.2348257401757898e+61,0.0007334287939265807,258.8333333333334,0.5483757062146892,0.3829489867225716,104.0
243273.MG_313,0.09745762711864407,0.014320411135040024,0.5048128342245989,0.0008229956073786341,1.0819600575328303e+61,0.0008630391328117212,252.83333333333366,0.5356638418079104,0.5942028985507246,119.0
243273.MG_317,0.12076271186440678,0.018181948392845107,0.5221238938053098,0.001575237229347712,1.7441751669250014e+61,0.0015688392857665474,261.66666666666663,0.5543785310734456,0.46867167919799496,255.0
243273.MG_366,0.0423728813559322,0.006768117621693767,0.48114169215086644,0.00013026981790104498,2.416775702051246e+60,0.00018440321771182099,236.58333333333383,0.5012358757062157,0.4473684210526316,68.0
243273.MG_387,0.3072033898305085,0.05086988456613036,0.5892634207240949,0.0024405118383574722,1.3653075438914598e+62,0.0024347683570843087,308.16666666666663,0.6528954802259886,0.4324712643678161,360.0
243273.MG_398,0.19491525423728814,0.03237204555952963,0.5462962962962963,0.0009840766343148066,5.529157127841381e+61,0.0010023099328962636,279.99999999999994,0.5932203389830504,0.5064500716674629,256.0
243273.MG_405,0.25,0.0425867950317675,0.565947242206235,0.0016344160952907441,9.568957427949124e+61,0.0016348893792788827,293.6666666666666,0.6221751412429375,0.47906707228741124,294.0
243273.MG_408,0.2266949152542373,0.03137262579684072,0.5592417061611374,0.002098081804848019,5.192796846659674e+61,0.0021175056726927977,288.33333333333326,0.610875706214689,0.36007758772703224,353.0
243273.MG_410,0.2944915254237288,0.04925106250015554,0.5834363411619283,0.001961723833007716,1.2797759764953166e+62,0.0019406244572961575,304.83333333333326,0.6458333333333331,0.45667813575226773,343.0
243273.MG_430,0.2648305084745763,0.04527822956688821,0.5707376058041113,0.0014191297403087747,1.081651483113697e+62,0.0014182759391927133,297.1666666666665,0.6295903954802257,0.4672258064516129,311.0
243273.MG_435,0.4427966101694915,0.08204643972660275,0.6404341926729986,0.003170221340618815,3.5516674049442144e+62,0.003131924064862983,340.16666666666663,0.7206920903954801,0.5161943319838057,447.0
243273.MG_443,0.038135593220338986,0.005729770662300614,0.47484909456740443,6.67425851925758e-05,1.732143753958686e+60,7.95779607285497e-05,233.75000000000057,0.49523305084745894,0.5163398692810458,0.0
243273.MG_446,0.3199152542372881,0.061204710238120456,0.592964824120603,0.0021225920376168406,1.9764693526450022e+62,0.0020769660842213855,310.99999999999994,0.6588983050847457,0.5870198675496688,258.0
243273.MG_460,0.3665254237288136,0.058774459251567865,0.610608020698577,0.004841275326939111,1.822562675361281e+62,0.004789076985947008,322.16666666666663,0.6825564971751411,0.4047587041268988,420.0
243273.MG_461,0.1440677966101695,0.02220411677309479,0.5279642058165548,0.0005155667081439468,2.601165635521687e+61,0.0005240474648841511,266.99999999999983,0.5656779661016942,0.48419666374012293,206.0
243273.MG_014,0.12076271186440678,0.01916766937587707,0.525027808676307,0.00040102351137564737,1.938394453210881e+61,0.00042295323839306603,262.4999999999999,0.5561440677966097,0.4605263157894737,77.0
243273.MG_015,0.11228813559322035,0.01765931243552523,0.5221238938053098,0.0003432203992790187,1.6453153936045147e+61,0.0003630090449983862,260.33333333333337,0.5515536723163836,0.46879535558780844,59.0
243273.MG_021,0.3898305084745763,0.06961324951459752,0.6186107470511141,0.003122542648832446,2.556783232527433e+62,0.0030665904135156897,327.49999999999994,0.6938559322033897,0.4803991446899501,401.0
243273.MG_051,0.19703389830508475,0.030910478952512293,0.5462962962962963,0.000825086163337441,5.040963952247515e+61,0.0008285484093805843,280.3333333333331,0.5939265536723158,0.42613370733987843,211.0
243273.MG_061,0.0614406779661017,0.007081632188177676,0.5005302226935313,0.0002728088177884911,2.64582891120951e+60,0.000303759169759065,245.8333333333336,0.5208333333333339,0.31527093596059114,0.0
243273.MG_082,0.4067796610169492,0.07614106675570978,0.6259946949602122,0.0030096814041912752,3.0588269875947014e+62,0.0029527093368009526,331.66666666666663,0.7026836158192089,0.5372491273996509,421.0
243273.MG_100,0.2754237288135593,0.04414931265512691,0.5770171149144254,0.0020056907847419703,1.0283768862656854e+62,0.0020052374503134697,300.33333333333326,0.6362994350282484,0.4172927847346452,342.0
243273.MG_105,0.1694915254237288,0.025425544192848582,0.5388127853881278,0.0008408533503120277,3.410694142717688e+61,0.0008610069970174135,273.99999999999983,0.5805084745762707,0.4629746835443038,247.0
243273.MG_153,0.3072033898305085,0.059826090657727676,0.5870646766169154,0.0008172299685225029,1.888448786339524e+62,0.000817589480882942,307.6666666666666,0.6518361581920902,0.6349616858237548,124.0
243273.MG_154,0.385593220338983,0.07469901077334204,0.6169934640522876,0.001491988999629606,2.9440813249288454e+62,0.0014682399092348425,326.49999999999994,0.6917372881355931,0.5862424867949729,322.0
243273.MG_156,0.3707627118644068,0.07072635284800297,0.6098191214470284,0.001448132722871241,2.6392689854727535e+62,0.0014309904165121217,322.6666666666666,0.6836158192090394,0.5745155993431855,334.0
243273.MG_159,0.24152542372881355,0.04654672182615363,0.5612366230677764,0.0006776807559820107,1.1431561204751964e+62,0.0006889859377641831,291.16666666666646,0.6168785310734459,0.6738084148424158,178.0
243273.MG_174,0.2033898305084746,0.03945702222181441,0.5481997677119629,0.000356864250094381,8.214451438185328e+61,0.0003688561376288362,281.9166666666665,0.5972810734463272,0.7225877192982456,171.0
243273.MG_187,0.08898305084745763,0.011025123715304706,0.5064377682403434,0.00029671304589893845,6.4129866039044616e+60,0.00030248405319011355,252.08333333333357,0.5340748587570627,0.3670150987224158,153.0
243273.MG_208,0.15466101694915255,0.02344813665933058,0.5333333333333333,0.0011543009118703121,2.9008177792455144e+61,0.0012049438075434475,270.1666666666666,0.572387005649717,0.3797564687975647,222.0
243273.MG_209,0.19703389830508475,0.0352257630349786,0.5494761350407451,0.001107556389601395,6.546878130984738e+61,0.0011178953016914646,281.1666666666665,0.5956920903954799,0.48807854137447404,154.0
243273.MG_234,0.3199152542372881,0.059970220363273166,0.592964824120603,0.0017197146286449224,1.8975361277655416e+62,0.001710304165850672,310.99999999999994,0.6588983050847457,0.5491390728476822,280.0
243273.MG_248,0.09745762711864407,0.016959699467675757,0.5164113785557987,0.00024186802806796758,1.517562214437572e+61,0.000275274106898759,256.4166666666668,0.5432556497175144,0.5033816425120773,96.0
243273.MG_271,0.3199152542372881,0.04923814412420718,0.592964824120603,0.0032924734096114227,1.2791012024854062e+62,0.003280641041855595,311.0,0.6588983050847457,0.40211920529801326,389.0
243273.MG_323,0.10805084745762712,0.01788769389359725,0.5198237885462555,0.0002763984731686047,1.68815071095797e+61,0.00029157046504139873,259.08333333333337,0.5489053672316382,0.4768627450980392,85.0
243273.MG_332,0.2944915254237288,0.051559203096038564,0.5841584158415841,0.0029831814616224006,1.4025642087048868e+62,0.002914770981498016,304.99999999999994,0.6461864406779659,0.46241267855280993,315.0
243273.MG_347,0.2775423728813559,0.04790238505478206,0.5791411042944785,0.0021715011851095953,1.2106678481815482e+62,0.0021839481318935462,301.16666666666663,0.6380649717514123,0.45002935995302407,305.0
243273.MG_349,0.029661016949152543,0.00483062361272382,0.47532729103726085,9.273197813836656e-05,1.2311318347797358e+60,0.0001595045197326258,232.58333333333383,0.4927612994350295,0.5164835164835165,0.0
243273.MG_365,0.3644067796610169,0.06517022989582834,0.6090322580645161,0.0027192368332846413,2.2408135729362503e+62,0.002671432751565268,321.49999999999994,0.6811440677966101,0.48830409356725146,377.0
243273.MG_370,0.11652542372881355,0.018407278452593396,0.5181119648737651,0.0005217987100790388,1.7876479657464937e+61,0.0005757097075387639,259.8333333333335,0.5504943502824856,0.4754208754208754,136.0
243273.MG_372,0.21822033898305085,0.035722186753536306,0.5572609208972845,0.0018587674597050634,6.732570596541374e+61,0.0018979794234296648,286.4999999999999,0.6069915254237286,0.4332762231106035,281.0
243273.MG_396,0.2033898305084746,0.03090583359961012,0.5507584597432905,0.0010844252889083065,5.039476047378182e+61,0.0010963337067360127,282.4999999999999,0.598516949152542,0.4118421052631579,190.0
243273.MG_423,0.1461864406779661,0.025190275591555268,0.528555431131019,0.0005666477477829303,3.347923309634851e+61,0.000580821272682305,267.5833333333333,0.5669138418079089,0.4884910485933504,203.0
243273.MG_444,0.3834745762711864,0.07091484410749384,0.6169934640522876,0.0027842898989386693,2.653329076079205e+62,0.0027184590964413444,326.16666666666663,0.6910310734463276,0.5227747084100676,382.0
243273.MG_454,0.09110169491525423,0.01189964995658618,0.5069817400644469,0.00048809239743144136,7.470987387221927e+60,0.0005237659879901618,252.58333333333357,0.535134180790961,0.3953488372093023,0.0
243273.MG_505,0.17796610169491525,0.02743860326517836,0.544405997693195,0.0010343794350531816,3.972173509621165e+61,0.001055161961055865,276.83333333333326,0.586511299435028,0.3895582329317269,251.0
243273.MG_516,0.1483050847457627,0.02006080021603023,0.532130777903044,0.0016842482702697002,2.123271745091525e+61,0.0017117572691595397,268.8333333333333,0.5695621468926548,0.3581780538302277,287.0
243273.MG_013,0.3283898305084746,0.05378896272380346,0.5959595959595959,0.002987915045448283,1.5264818894890482e+62,0.0029623599166432282,312.99999999999994,0.6631355932203389,0.4184331797235023,390.0
243273.MG_027,0.1906779661016949,0.029145253845992515,0.5481997677119629,0.0012470557640595504,4.481685973773248e+61,0.0012524658128511825,279.83333333333326,0.5928672316384178,0.3895131086142322,270.0
243273.MG_033,0.2330508474576271,0.03393419004266304,0.5619047619047619,0.002659649037910373,6.075449341201831e+61,0.0026913633352514507,289.9999999999999,0.6144067796610168,0.3521267723102586,348.0
243273.MG_043,0.12076271186440678,0.01986091019055846,0.5181119648737651,0.0002365639169652005,2.0811355455160593e+61,0.00024185943367044515,260.58333333333337,0.5520833333333329,0.4830827067669173,55.0
243273.MG_045,0.0635593220338983,0.009228390125411434,0.4942408376963351,8.172290287991737e-05,4.4931610780484746e+60,8.244640507854166e-05,244.25000000000037,0.5174788135593228,0.3793103448275862,0.0
243273.MG_092,0.4004237288135593,0.07264703352823693,0.6243386243386243,0.0030264616736860282,2.7845260396107486e+62,0.0030158090902874224,330.3333333333333,0.6998587570621468,0.5023077789035236,418.0
243273.MG_114,0.2457627118644068,0.03833417057439363,0.5686746987951807,0.0013883478180567478,7.753062272716684e+61,0.00139020221185751,293.66666666666663,0.6221751412429378,0.40719640179910044,290.0
243273.MG_120,0.1016949152542373,0.01539477085959115,0.5136017410228509,0.0002849192761645158,1.2503895819052619e+61,0.0003074952584017831,256.16666666666686,0.5427259887005653,0.5345744680851063,149.0
243273.MG_121,0.1843220338983051,0.027796979316661096,0.543778801843318,0.0009134504644965806,4.076577722435104e+61,0.0009453298292278403,277.6666666666665,0.5882768361581916,0.4202085004009623,223.0
243273.MG_125,0.1694915254237288,0.02337100563012396,0.5388127853881278,0.0009470538021042514,2.8817159771738026e+61,0.000956574710772648,273.99999999999983,0.5805084745762707,0.3911392405063291,260.0
243273.MG_134,0.1271186440677966,0.021488160838690432,0.5203969128996693,0.0005498815233697551,2.4361761172948443e+61,0.0005778319024757971,262.2499999999999,0.5556144067796603,0.4553672316384181,81.0
243273.MG_146,0.2733050847457627,0.047498419789148996,0.5749086479902558,0.0015989767597153796,1.190350520411352e+62,0.0016174566253331828,299.49999999999994,0.6345338983050846,0.48825096899224807,245.0
243273.MG_150,0.3771186440677966,0.0716273832050209,0.6137841352405722,0.0016212080634275448,2.7069429412760815e+62,0.0016004984242161723,324.49999999999994,0.6874999999999999,0.570177109122072,365.0
243273.MG_158,0.3877118644067797,0.07273819576784599,0.6186107470511141,0.0021464223912102433,2.7915523440791345e+62,0.0021199436941486557,327.16666666666663,0.6931497175141242,0.5550351288056206,376.0
243273.MG_161,0.3135593220338983,0.06173096295684435,0.590738423028786,0.0015616374142386582,2.0106181575626022e+62,0.0015266269700670609,309.49999999999994,0.6557203389830507,0.6412024269167126,205.0
243273.MG_165,0.3686440677966102,0.06995745208956397,0.6098191214470284,0.0016355117983462152,2.5821983089038304e+62,0.0016148357244612026,322.33333333333326,0.6829096045197739,0.574978406750382,350.0
243273.MG_166,0.3983050847457627,0.07401949859249204,0.6210526315789474,0.0024683089956602103,2.890765834196086e+62,0.0024378409105332323,329.33333333333326,0.6977401129943501,0.541813630674707,404.0
243273.MG_189,0.07627118644067797,0.009838108471519428,0.5042735042735043,0.00017621397911098637,5.1064609233085346e+60,0.00018191149813042627,249.3333333333336,0.528248587570622,0.4,0.0
243273.MG_198,0.3241525423728814,0.06213315862794346,0.5952080706179067,0.0011770407853332813,2.036877415402649e+62,0.0011698843885535695,312.16666666666663,0.6613700564971751,0.5714654282765738,103.0
243273.MG_214,0.1419491525423729,0.020763349532733406,0.532130777903044,0.0007801641643531321,2.274548127647196e+61,0.0008112714216424746,267.8333333333333,0.5674435028248583,0.40705563093622793,182.0
243273.MG_241,0.038135593220338986,0.0070524670133351,0.4767676767676768,0.0005338409528682943,2.624139158377243e+60,0.0009496828118255186,234.4166666666672,0.4966454802259899,0.7189542483660131,71.0
243273.MG_245,0.1016949152542373,0.014996083911998625,0.5158469945355191,0.0002629007735734661,1.1864624857191157e+61,0.0002711372673214561,256.8333333333334,0.5441384180790962,0.399822695035461,57.0
243273.MG_263,0.07415254237288135,0.012369368999201174,0.5042735042735043,0.00012139672263272467,8.072255883895792e+60,0.00012920995626531116,249.08333333333357,0.5277189265536728,0.46554621848739497,0.0
243273.MG_265,0.11864406779661017,0.018141600309631658,0.5238623751387348,0.0005019096077743967,1.7364041969417367e+61,0.0005287695576672054,261.8333333333332,0.5547316384180786,0.41948051948051945,131.0
243273.MG_270,0.1440677966101695,0.02131469053219707,0.5327313769751693,0.0005998445771737592,2.396927845331072e+61,0.0006138831292317699,268.3333333333333,0.5685028248587567,0.46005267778753295,167.0
243273.MG_272,0.2309322033898305,0.0404664908524338,0.5605700712589073,0.0013383134344447064,8.639751861877283e+61,0.001342452089926215,289.3333333333332,0.6129943502824856,0.4988107373428474,134.0
243273.MG_287,0.19915254237288135,0.03716647245711666,0.5494761350407451,0.0018841582894679918,7.288202602505707e+61,0.0019159067898264436,281.4999999999999,0.5963983050847455,0.5497597803706246,100.0
243273.MG_324,0.2457627118644068,0.04222273454296014,0.5652694610778443,0.002145728992916542,9.405865553276624e+61,0.0021226548265443445,292.8333333333332,0.6204096045197738,0.45847076461769115,221.0
243273.MG_403,0.260593220338983,0.04542809961783604,0.5700483091787439,0.001604748261962176,1.0888507030830275e+62,0.0016066331446436836,296.3333333333332,0.6278248587570618,0.5144608823137412,283.0
243273.MG_429,0.24364406779661016,0.04051090153537899,0.5679903730445247,0.001535939252529277,8.658600030381973e+61,0.0015709516358535535,293.16666666666663,0.6211158192090395,0.4479023646071701,241.0
243273.MG_037,0.11228813559322035,0.019091273268737205,0.5215469613259669,0.00020750830767253442,1.9229822843651196e+61,0.00021083621457789004,260.16666666666663,0.551200564971751,0.4629898403483309,0.0
243273.MG_039,0.1440677966101695,0.015416213287400001,0.530933633295838,0.0008769113682253022,1.2538275099912144e+61,0.0008943441706006203,267.83333333333326,0.5674435028248582,0.40342405618964006,296.0
243273.MG_052,0.2838983050847458,0.045097611142154145,0.5791411042944785,0.002121217870389599,1.0730370438785744e+62,0.002133735838281846,302.1666666666666,0.6401836158192088,0.3995062282572102,366.0
243273.MG_069,0.23516949152542374,0.03629254604941068,0.557919621749409,0.0025361369090408413,6.949412601993636e+61,0.002569070917672632,289.4166666666665,0.6131709039548018,0.37985257985257986,345.0
243273.MG_071,0.2266949152542373,0.03616866624579461,0.5585798816568047,0.001792412886769737,6.901942705276594e+61,0.0017993699849957825,288.1666666666665,0.6105225988700562,0.3971080938106154,301.0
243273.MG_116,0.1694915254237288,0.021677428291980973,0.5381984036488028,0.001065722980261494,2.4791746877552862e+61,0.0010893719133652795,273.83333333333314,0.5801553672316379,0.4186708860759494,273.0
243273.MG_128,0.17584745762711865,0.02566944918781629,0.5431530494821634,0.0008656856048815539,3.4764291266916805e+61,0.0008671744966579528,276.1666666666665,0.5850988700564969,0.3732001175433441,165.0
243273.MG_129,0.07838983050847458,0.006835455823282189,0.5005302226935313,0.0006115701280046516,2.4651064611200233e+60,0.000656052749543879,248.58333333333366,0.5266596045197747,0.3588588588588589,207.0
243273.MG_145,0.288135593220339,0.04814454314997909,0.5784313725490197,0.0019480396996726438,1.2229507302847863e+62,0.0019652394155148098,302.6666666666665,0.641242937853107,0.44357298474945533,346.0
243273.MG_181,0.1673728813559322,0.02897711808376365,0.532130777903044,0.0005225350506185461,4.430329048707865e+61,0.0005388701963819292,271.9166666666665,0.5760946327683608,0.593638429081467,156.0
243273.MG_182,0.3877118644067797,0.06907652188194754,0.6186107470511141,0.002866612066181667,2.5175338658946113e+62,0.002863134243057081,327.16666666666663,0.6931497175141242,0.4841770251606317,412.0
243273.MG_230,0.08686440677966102,0.014249883294254395,0.5048128342245989,0.0001716655252886151,1.0713456621644318e+61,0.00018843246435578683,251.16666666666697,0.5321327683615825,0.5353658536585366,105.0
243273.MG_236,0.08050847457627118,0.010229104348293007,0.5091693635382956,0.0004866030369557902,5.5204509709524075e+60,0.000547636204960435,251.5000000000002,0.5328389830508479,0.3442389758179232,83.0
243273.MG_264,0.15677966101694915,0.02414900162404272,0.5351473922902494,0.00056405015494611,3.0767724899330247e+61,0.0005687409756272626,270.9999999999999,0.5741525423728808,0.4472417623102555,140.0
243273.MG_273,0.2521186440677966,0.04256151913205697,0.5693606755126659,0.0016626427321759288,9.557474917876663e+61,0.0016637326694973725,294.83333333333326,0.6246468926553671,0.47315197265346814,275.0
243273.MG_295,0.2775423728813559,0.04770753717915305,0.5763125763125763,0.0019475795390100333,1.2008406820087711e+62,0.0019446695849787146,300.49999999999994,0.6366525423728812,0.4566059894304169,310.0
243273.MG_302,0.09745762711864407,0.017177770613175544,0.5048128342245989,0.00015223406007702181,1.5568675139311298e+61,0.00015973128036624073,252.83333333333368,0.5356638418079104,0.6473429951690821,78.0
243273.MG_306,0.09322033898305085,0.013242945273296785,0.5075268817204301,0.0002331389675781664,9.252682953831522e+60,0.0002449910418107128,253.00000000000028,0.5360169491525429,0.46617336152219874,58.0
243273.MG_310,0.13983050847457626,0.015956426035242936,0.5261984392419174,0.0008942578855623012,1.3432620234399492e+61,0.0009323656435114437,265.8333333333332,0.5632062146892648,0.4512820512820513,278.0
243273.MG_326,0.1016949152542373,0.016191033165850337,0.514161220043573,0.0006630389267069111,1.3831213905684562e+61,0.0007488502110436667,256.3333333333335,0.5430790960451981,0.40425531914893614,107.0
243273.MG_327,0.0826271186440678,0.012496077697386195,0.5069817400644469,0.000389057543073303,8.23854847846671e+60,0.0004640742698408403,251.1666666666669,0.5321327683615824,0.5303643724696356,160.0
243273.MG_337,0.05508474576271186,0.009260727157424799,0.49372384937238495,5.930976252635417e-05,4.524730694950068e+60,6.20913924761896e-05,242.666666666667,0.5141242937853115,0.5415384615384615,0.0
243273.MG_344,0.0826271186440678,0.013328570626381257,0.5069817400644469,0.00026624003664728227,9.372805661595101e+60,0.00031622114313672447,251.1666666666669,0.5321327683615824,0.562753036437247,113.0
243273.MG_351,0.4300847457627119,0.07647146104685913,0.6361185983827493,0.0034041192255849957,3.085393862553927e+62,0.0033636451969600704,337.3333333333333,0.7146892655367231,0.4739794176461981,442.0
243273.MG_353,0.24152542372881355,0.03309978734082774,0.565947242206235,0.004197807253039081,5.780399637958251e+61,0.004255572197731405,292.33333333333326,0.6193502824858755,0.32137866790870984,370.0
243273.MG_363,0.25,0.04566330492434561,0.5673076923076923,0.001291222182097938,1.1001630402237826e+62,0.0012904781657215262,293.9999999999999,0.6228813559322032,0.5591771693466608,224.0
243273.MG_383,0.21822033898305085,0.030662292788334367,0.5572609208972845,0.0015703684777953557,4.9603398023804346e+61,0.0015847674136929366,286.49999999999994,0.6069915254237286,0.36245954692556637,331.0
243273.MG_437,0.1843220338983051,0.032389821468175095,0.545664739884393,0.0006089439363833023,5.535077101603883e+61,0.0006196523654662555,278.1666666666666,0.5893361581920901,0.48703555199144616,116.0
243273.MG_468,0.09322033898305085,0.013278197941597803,0.512486427795874,0.0001536391520823255,9.301932210749862e+60,0.00015610854729156132,254.5000000000002,0.5391949152542377,0.4978858350951374,0.0
243273.MG_482,0.1906779661016949,0.0315699317358357,0.5475638051044084,0.0016570165051630757,5.258355108238301e+61,0.0016653245162536628,279.6666666666666,0.592514124293785,0.45318352059925093,200.0
243273.MG_259,0.2923728813559322,0.04550203354426678,0.5834363411619283,0.0034128035188064755,1.0923629479397425e+62,0.0034138927243836923,304.49999999999994,0.6451271186440677,0.37903311118163546,378.0
243273.MG_346,0.1694915254237288,0.02795292167347627,0.5412844036697247,0.0011388032470427258,4.122478829158325e+61,0.0011795797291494672,274.74999999999994,0.5820974576271184,0.4319620253164557,217.0
243273.MG_080,0.2711864406779661,0.04974993477837266,0.5756097560975609,0.0012483643853145022,1.3058699412613749e+62,0.0012516343383850493,299.33333333333326,0.6341807909604518,0.5184547244094488,166.0
243273.MG_110,0.19915254237288135,0.03730906646687977,0.5494761350407451,0.0006261650231256367,7.344223178384681e+61,0.0006291566857528613,281.4999999999999,0.5963983050847455,0.5538778311599176,117.0
243273.MG_119,0.13559322033898305,0.021105425933486948,0.5297418630751964,0.0003933157222577152,2.3501224875746714e+61,0.0004030798157888322,266.1666666666665,0.5639124293785306,0.44246031746031744,109.0
243273.MG_197,0.1906779661016949,0.03724115374139909,0.5475638051044084,0.001007018148023705,7.317642632151806e+61,0.0010364952247992963,279.7499999999999,0.5926906779661014,0.6581772784019975,0.0
243273.MG_252,0.2669491525423729,0.05077125810400845,0.5728155339805825,0.0013047513600530785,1.3600355974765512e+62,0.0012962180471249268,297.9999999999999,0.6313559322033896,0.5488253968253968,194.0
243273.MG_335,0.288135593220339,0.053164446318989075,0.5805658056580566,0.0012693606165431165,1.4912630872409045e+62,0.0012646178121048877,303.1666666666666,0.6423022598870054,0.5162309368191721,120.0
243273.MG_411,0.22245762711864406,0.03435861437066909,0.5605700712589073,0.0014717059140986538,6.228335298463624e+61,0.0014845577427771693,287.99999999999994,0.6101694915254237,0.4512820512820513,300.0
243273.MG_065,0.1016949152542373,0.015887372606603688,0.5192519251925193,0.0005201772764704167,1.3317087675007587e+61,0.0005472179110768658,257.8333333333335,0.5462570621468926,0.38120567375886527,56.0
243273.MG_221,0.09322033898305085,0.012129349361157584,0.5158469945355191,0.0013406517021721741,7.76200117258001e+60,0.0014836450426050697,255.5000000000001,0.5413135593220342,0.3456659619450317,232.0
243273.MG_233,0.08898305084745763,0.009012547216205995,0.5053533190578159,0.0008487410339536057,4.2854751398926335e+60,0.0009125546002023036,251.66666666666697,0.5331920903954809,0.3995354239256678,230.0
243273.MG_448,0.12076271186440678,0.016800706755606225,0.528555431131019,0.0005435268751765746,1.4891946388114595e+61,0.0005637950152437728,263.5,0.5582627118644066,0.41729323308270677,110.0
243273.MG_467,0.1038135593220339,0.016633090159728903,0.5215469613259669,0.0003755651369031313,1.4596570569795738e+61,0.0003964511219849624,258.8333333333334,0.548375706214689,0.44387755102040816,99.0
243273.MG_526,0.09533898305084745,0.015790395987008918,0.5158469945355191,0.0002961512422028964,1.3154995073099549e+61,0.00031484076526356816,255.83333333333348,0.5420197740112997,0.4727272727272727,51.0
243273.MG_067,0.08050847457627118,0.007759445559485836,0.4968421052631579,0.0008297303022523588,3.1766678622374466e+60,0.0009578895524868381,247.75000000000034,0.524894067796611,0.33712660028449504,189.0
243273.MG_316,0.11652542372881355,0.013209339435004488,0.5221238938053098,0.0018618304602514451,9.205777605668958e+60,0.0019655322059272365,261.00000000000006,0.5529661016949147,0.25252525252525254,298.0
243273.MG_371,0.13135593220338984,0.01960039968557116,0.5221238938053098,0.0008507539217629636,2.0268997791002865e+61,0.0009146029181948102,263.3333333333334,0.5579096045197731,0.3987308302485457,195.0
243273.MG_373,0.05084745762711865,0.006376625245632361,0.4777327935222672,0.00015332060647534456,2.145239975637235e+60,0.00020012247967673218,236.75000000000057,0.5015889830508488,0.5579710144927537,123.0
243273.MG_388,0.21398305084745764,0.031404993505854836,0.5566037735849056,0.001932358826958903,5.203581176007353e+61,0.001961895605640836,285.6666666666666,0.6052259887005648,0.37445544554455445,318.0
243273.MG_390,0.08050847457627118,0.011521798330839219,0.4989429175475687,0.00010365981252397023,7.004086472564477e+60,0.00010865164231304185,248.33333333333368,0.5261299435028257,0.6756756756756757,53.0
243273.MG_481,0.22245762711864406,0.04067921902796752,0.5572609208972845,0.0014395575240180739,8.731052092364765e+61,0.0014761004670578916,287.1666666666665,0.6084039548022596,0.5516483516483517,128.0
243273.MG_011,0.06567796610169492,0.008784092346885607,0.4947589098532495,0.0002542756952005657,4.070961786592884e+60,0.00030545763761811355,244.75000000000037,0.5185381355932212,0.4838709677419355,130.0
243273.MG_012,0.09745762711864407,0.013025887685206078,0.5113759479956663,0.00033627635939421414,8.951902247565e+60,0.0003569711957908822,254.91666666666688,0.5400776836158196,0.43768115942028984,155.0
243273.MG_022,0.07203389830508475,0.0103004122118951,0.5010615711252654,0.00021912165567853723,5.5977805419580374e+60,0.0002482814818137979,247.66666666666694,0.5247175141242945,0.46524064171123,108.0
243273.MG_025,0.06779661016949153,0.00856139704545914,0.49269311064718163,0.00020133529596210803,3.867129013845558e+60,0.00021830423603136302,244.33333333333377,0.5176553672316393,0.4959677419354839,196.0
243273.MG_028,0.03177966101694915,0.003577039180001858,0.4586977648202138,0.0,6.750656138339894e+59,0.0,226.91666666666742,0.4807556497175161,1.0,0.0
243273.MG_133,0.01694915254237288,0.002016334817353989,0.44654683065279094,1.1835462620682963e-05,2.1450498402554214e+59,1.2638512034195378e-05,220.00000000000077,0.4661016949152566,0.32142857142857145,0.0
243273.MG_055,0.21610169491525424,0.03808904108199015,0.5526932084309133,0.0017954156177397772,7.654610263733455e+61,0.0018196117562701384,284.99999999999983,0.6038135593220334,0.5284410794020579,282.0
243273.MG_137,0.08050847457627118,0.01155922357670645,0.5075268817204301,0.0004488506625704802,7.049560131556013e+60,0.00054438226588082,251.00000000000023,0.5317796610169496,0.4096728307254623,94.0
243273.MG_123,0.11864406779661017,0.019530154662672085,0.5244444444444445,0.0005033298889403669,2.0124015702233103e+61,0.0005346637098204527,261.99999999999994,0.5550847457627114,0.4993506493506494,87.0
243273.MG_322,0.1652542372881356,0.02708300874044931,0.5369738339021616,0.0007058133180126367,3.8698786099064867e+61,0.0007148866544347998,272.8333333333332,0.5780367231638412,0.4388944388944389,161.0
243273.MG_148,0.11228813559322035,0.019914373959601772,0.5042735042735043,0.00011655473930172392,2.0925176515568445e+61,0.00012402370447399006,255.0833333333337,0.5404307909604529,0.8156748911465893,142.0
243273.MG_075,0.048728813559322036,0.007851083671044395,0.49527806925498424,9.766065292415429e-05,3.252118059507812e+60,0.00010468367544599772,242.16666666666694,0.5130649717514131,0.541501976284585,0.0
243273.MG_093,0.3389830508474576,0.06321734378198023,0.5997458703939009,0.001963561604801148,2.10858127907284e+62,0.0019382272467055178,315.49999999999994,0.6684322033898303,0.5481132075471699,272.0
243273.MG_135,0.014830508474576272,0.0020655385093223855,0.45297504798464494,5.428289247214637e-06,2.25097811400879e+59,5.507170516918342e-06,222.0833333333341,0.47051553672316593,0.5714285714285714,0.0
243273.MG_139,0.19703389830508475,0.0344598245624501,0.5526932084309133,0.0011715534095551828,6.265229074562046e+61,0.0011930247538140773,281.99999999999994,0.5974576271186439,0.45535296867695185,219.0
243273.MG_185,0.1843220338983051,0.02655030886059442,0.5369738339021616,0.0019917736125060624,3.719296784129424e+61,0.0020668149445129264,275.8333333333331,0.5843926553672307,0.4822240042769313,317.0
243273.MG_186,0.125,0.015646136355893125,0.5256124721603563,0.00044409612411219453,1.2915375386838062e+61,0.00045941016729466406,263.33333333333326,0.5579096045197734,0.4734073641145529,170.0
243273.MG_218,0.15677966101694915,0.01767581794053889,0.5363636363636364,0.0024945088928790713,1.648357049534446e+61,0.0025468633618973956,271.3333333333332,0.5748587570621465,0.37689744539059605,330.0
243273.MG_223,0.029661016949152543,0.0037479192267243005,0.4724724724724725,0.00012840112241857034,7.4110270647712925e+59,0.00020379091877233921,231.50000000000057,0.4904661016949166,0.46153846153846156,67.0
243273.MG_260,0.11652542372881355,0.014817880328342076,0.5209713024282561,0.0006793515097662959,1.158423278640284e+61,0.0007050717816757149,260.66666666666663,0.5522598870056492,0.4922558922558923,213.0
243273.MG_277,0.05296610169491525,0.008204157397141467,0.4989429175475687,5.88924708783454e-05,3.5511595995454775e+60,6.429724329401586e-05,244.00000000000023,0.5169491525423734,0.5666666666666667,0.0
243273.MG_289,0.11652542372881355,0.011782366185719356,0.5181119648737651,0.000692821269086265,7.3241324976174e+60,0.0007196248207053462,259.8333333333333,0.5504943502824856,0.49562289562289563,208.0
243273.MG_290,0.1016949152542373,0.011123951793556035,0.514161220043573,0.00021063509492713712,6.528337770181306e+60,0.0002175768111369938,256.3333333333335,0.5430790960451981,0.5789007092198581,52.0
243273.MG_291,0.08898305084745763,0.009479526951981478,0.5086206896551724,0.00011843564623591397,4.74084973527895e+60,0.00012227823948377116,252.66666666666688,0.5353107344632774,0.6840882694541232,0.0
243273.MG_293,0.1419491525423729,0.015528167810686309,0.5256124721603563,0.0010573235672213341,1.2721347648745874e+61,0.0010866492334600508,265.99999999999983,0.5635593220338975,0.38489371325192223,321.0
243273.MG_307,0.0635593220338983,0.008656001423271975,0.4911550468262227,8.426026684240283e-05,3.9531074202155446e+60,9.289627969938128e-05,243.1666666666671,0.51518361581921,0.671264367816092,126.0
243273.MG_309,0.1228813559322034,0.016418239972668554,0.5221238938053098,0.0006828288218049167,1.422180138957977e+61,0.0007146549960315822,261.99999999999994,0.5550847457627112,0.47126436781609193,225.0
243273.MG_312,0.07415254237288135,0.008253307454857452,0.5075268817204301,0.0006807124227099045,3.5938159295372754e+60,0.0007725464298639393,250.0000000000002,0.529661016949153,0.4369747899159664,191.0
243273.MG_321,0.08686440677966102,0.0125649695374244,0.5108225108225108,0.0007475495535633708,8.329655430894413e+60,0.0007933649165255664,253.0000000000002,0.5360169491525428,0.4902439024390244,102.0
243273.MG_328,0.048728813559322036,0.007069526333414035,0.49269311064718163,0.00028195540803711757,2.636852108884288e+60,0.00037429800311655314,241.33333333333366,0.5112994350282494,0.4782608695652174,92.0
243273.MG_338,0.029661016949152543,0.004596526769946603,0.47532729103726085,3.1199212560960044e-06,1.1147154025378473e+60,3.5889580117872804e-06,232.50000000000048,0.4925847457627131,0.8681318681318682,0.0
243273.MG_385,0.16101694915254236,0.017938457974924667,0.5351473922902494,0.0014828104699638038,1.6977207614834926e+61,0.0015167757017198215,271.66666666666646,0.5755649717514119,0.38456140350877194,340.0
243273.MG_386,0.1016949152542373,0.011933622429840075,0.5152838427947598,0.0009636538034604185,7.513605615741416e+60,0.0010232009472883727,256.6666666666668,0.5437853107344636,0.49379432624113473,175.0
243273.MG_395,0.125,0.013419804762891474,0.5186813186813187,0.0007117707889536176,9.501342815502491e+60,0.0007272557769253412,261.33333333333326,0.5536723163841802,0.54354178842782,243.0
243273.MG_409,0.1483050847457627,0.016532540155014704,0.5297418630751964,0.0008375751316589122,1.4420076401346197e+61,0.000859616844988863,268.1666666666664,0.5681497175141236,0.4260869565217391,284.0
243273.MG_412,0.11652542372881355,0.013873287678736279,0.5181119648737651,0.0003346544779198668,1.015438755103182e+61,0.00034642509982733767,259.8333333333333,0.5504943502824856,0.5205387205387205,132.0
243273.MG_414,0.09322033898305085,0.010584421446928772,0.5053533190578159,0.00011150540378169731,5.910481584512142e+60,0.00011581618355806445,252.33333333333363,0.534604519774012,0.693446088794926,106.0
243273.MG_422,0.048728813559322036,0.00717787283767116,0.48261758691206547,2.3753441140684655e-05,2.7182918012943047e+60,2.5930779907244073e-05,238.00000000000045,0.5042372881355943,0.7154150197628458,0.0
243273.MG_438,0.06991525423728813,0.008852194345263163,0.503735325506937,0.0005631531902025291,4.134312612996357e+60,0.0006349025648447461,248.16666666666688,0.5257768361581926,0.32765151515151514,86.0
243273.MG_525,0.09110169491525423,0.010016079487452569,0.5048128342245989,0.00010444991047465097,5.292769845115142e+60,0.0001089974870770528,251.83333333333363,0.5335451977401137,0.7054263565891473,97.0
243273.MG_274,0.17372881355932204,0.0252930372184888,0.542528735632184,0.0010557556822958312,3.37521051397957e+61,0.0010637594553193222,275.6666666666666,0.5840395480225985,0.4447455585666968,265.0
243273.MG_354,0.025423728813559324,0.0031575635641624025,0.4796747967479675,2.2408818260328377e-05,5.2601500529473e+59,3.073537468987813e-05,233.33333333333374,0.49435028248587676,0.5909090909090909,0.0
243273.MG_432,0.04449152542372881,0.007634731604647075,0.4801627670396745,2.6930931993938603e-05,3.075362295534037e+60,2.7904522141602696e-05,236.5000000000005,0.5010593220338995,0.5714285714285714,0.0
243273.MG_517,0.04449152542372881,0.006315789141889011,0.4886128364389234,6.72449835314489e-05,2.1045291971492013e+60,7.260371906558778e-05,239.33333333333374,0.5070621468926563,0.49047619047619045,80.0
243273.MG_160,0.3220338983050847,0.06269259499798482,0.592964824120603,0.001074111797191331,2.073746826511264e+62,0.0010648584261889005,311.33333333333326,0.6596045197740111,0.6228651097943534,209.0
243273.MG_325,0.23728813559322035,0.04516321563666422,0.5645933014354066,0.0016073904929596637,1.0762026209086503e+62,0.0015995214425696081,291.33333333333326,0.6172316384180789,0.62998712998713,184.0
243273.MG_473,0.2330508474576271,0.04480046130969552,0.5632458233890215,0.001144997922772643,1.0589840382251578e+62,0.0011381914947023938,290.33333333333326,0.6151129943502823,0.6403669724770642,157.0
243273.MG_117,0.05296610169491525,0.0055383425980700535,0.486096807415036,0.0002788876158048532,1.6182559410178682e+60,0.00032274420991757526,239.83333333333374,0.5081214689265547,0.6433333333333333,0.0
243273.MG_404,0.2266949152542373,0.03637071167486684,0.5599051008303677,0.0023132518464026026,6.97948304853051e+61,0.0023192512718353854,288.4999999999999,0.6112288135593218,0.45635690354434844,314.0
243273.MG_032,0.01694915254237288,0.0021147768956146736,0.45167464114832534,8.851987911522755e-06,2.3596078259933016e+59,9.107785331156802e-06,222.00000000000074,0.4703389830508496,0.32142857142857145,0.0
243273.MG_064,0.15889830508474576,0.025782365009624296,0.530933633295838,0.0008937700971549595,3.5072402156567997e+61,0.00091679581986558,270.24999999999983,0.5725635593220332,0.4540540540540541,234.0
243273.MG_183,0.21822033898305085,0.04005672736483011,0.5526932084309133,0.0006413763090217993,8.465860137421337e+61,0.0006523999671576561,285.33333333333314,0.6045197740112989,0.5701503902531887,118.0
243273.MG_402,0.2627118644067797,0.046119593033468215,0.5714285714285714,0.0015395268918601476,1.1222534645988167e+62,0.0015263881483205326,296.99999999999994,0.629237288135593,0.526750590086546,291.0
243273.MG_521,0.02754237288135593,0.004280075251536494,0.47484909456740443,2.0317615656020564e-05,9.66496503180198e+59,2.5785035868222222e-05,232.00000000000054,0.4915254237288148,0.5769230769230769,61.0
243273.MG_318,0.057203389830508475,0.0036949579678145295,0.4777327935222672,0.000583402739626415,7.202950053003364e+59,0.000716127583934615,237.6666666666672,0.5035310734463291,0.396011396011396,202.0
243273.MG_342,0.03177966101694915,0.004322123081012916,0.46778989098116946,7.244391844735988e-05,9.856072022115149e+59,9.627493660385435e-05,230.25000000000065,0.48781779661017105,0.3904761904761905,65.0
243273.MG_447,0.0614406779661017,0.008979094368544672,0.5015940488841658,0.00012154790990606502,4.253719843480402e+60,0.00012706254752738535,246.25000000000023,0.5217161016949158,0.3472906403940887,75.0
243273.MG_377,0.0847457627118644,0.012219821799557742,0.502127659574468,0.00027353235059481294,7.878211160435225e+60,0.00033064767250624383,250.08333333333363,0.5298375706214696,0.591025641025641,88.0
243273.MG_450,0.04025423728813559,0.005924009002423719,0.4821246169560776,0.00016619452916546567,1.8515492427607865e+60,0.0002683263318728815,236.58333333333377,0.5012358757062157,0.4093567251461988,69.0
243273.MG_476,0.1673728813559322,0.028688136002261895,0.5357548240635641,0.00050306875591111,4.342249187354177e+61,0.0005131381857908409,272.8333333333332,0.5780367231638411,0.5173644920480364,95.0
243273.MG_040,0.1016949152542373,0.014555703180150547,0.5169769989047097,0.00028002605780580393,1.1178039048051629e+61,0.00029060622932361376,257.16666666666674,0.5448446327683617,0.46099290780141844,82.0
243273.MG_096,0.06779661016949153,0.010594995612600648,0.486096807415036,9.425018845092217e-06,5.922548269033625e+60,1.0870693189517218e-05,242.2500000000005,0.5132415254237299,0.9254032258064516,0.0
243273.MG_225,0.0423728813559322,0.0036439005985252795,0.47532729103726085,0.0002572360947728315,7.0052933799853165e+59,0.00034018718601914663,234.5000000000005,0.4968220338983065,0.32105263157894737,185.0
243273.MG_226,0.04025423728813559,0.003500501673501956,0.47484909456740443,0.00022496292848646227,6.4647851527277e+59,0.00030930182091528697,234.0000000000005,0.4957627118644082,0.32748538011695905,173.0
243273.MG_068,0.057203389830508475,0.006104688761871438,0.48065173116089616,0.00015062520483892123,1.966283439145014e+60,0.00016082760176056832,238.75000000000048,0.505826271186442,0.4757834757834758,112.0
243273.MG_440,0.05296610169491525,0.006587039024671469,0.4841025641025641,0.00011719136731489432,2.2893124503075554e+60,0.00013699553226799387,239.25000000000045,0.5068855932203401,0.6133333333333333,79.0
243273.MG_474,0.05084745762711865,0.00409013453473138,0.4738955823293173,0.0001081550824724754,8.826620658570575e+59,0.00012005017928468705,235.41666666666723,0.4987641242937868,0.6594202898550725,0.0
243273.MG_074,0.05084745762711865,0.004398058396138032,0.47821681864235055,0.00015250957900696054,1.0205506674170136e+60,0.0001653524340158626,236.91666666666723,0.5019420903954815,0.6485507246376812,84.0
243273.MG_076,0.1016949152542373,0.012271670084799775,0.503735325506937,0.0008141615963121445,7.945436432596682e+60,0.0008585729384824213,253.25000000000037,0.5365466101694923,0.5691489361702128,238.0
243273.MG_219,0.05084745762711865,0.003022326538277939,0.4821246169560776,0.0004965826103974486,4.819385625008418e+59,0.0006124783328746938,238.1666666666671,0.5045903954802272,0.5833333333333334,152.0
243273.MG_267,0.06567796610169492,0.00534373097840711,0.4911550468262227,0.0005311023578826812,1.506585747144349e+60,0.0005868748876193443,243.5000000000004,0.5158898305084756,0.5161290322580645,188.0
243273.MG_389,0.0847457627118644,0.008999275215257563,0.5,0.00028081932482535387,4.272926964557312e+60,0.000303918806879624,249.33333333333368,0.5282485875706223,0.6269230769230769,133.0
243273.MG_406,0.09533898305084745,0.01029520563003055,0.5075268817204301,0.00042310985222678894,5.592199206664625e+60,0.00045656508333917674,253.3333333333336,0.5367231638418085,0.5454545454545454,220.0
243273.MG_441,0.05296610169491525,0.004281912704718168,0.4738955823293173,0.00027168672407559174,9.673820029770052e+59,0.0002997890300181533,235.7500000000006,0.4994703389830524,0.6066666666666667,181.0
243273.MG_478,0.13771186440677965,0.020754650945940516,0.512486427795874,0.0013978291074904282,2.2728322076213595e+61,0.0014493683773833485,261.5833333333333,0.5542019774011298,0.6471153846153846,263.0
243273.MG_524,0.0847457627118644,0.009227716832025829,0.49947089947089945,0.00028840128361327477,4.492619028189224e+60,0.00031111918029549116,249.16666666666703,0.5278954802259895,0.6064102564102564,115.0
243273.MG_285,0.023305084745762712,0.002409417806473811,0.45515911282545807,7.630348597382016e-05,3.0628632958371545e+59,0.00018205809668194947,224.25000000000077,0.47510593220339187,0.4727272727272727,93.0
243273.MG_515,0.023305084745762712,0.002598104134510488,0.4407096171802054,1.5866567613157106e-05,3.561488258058848e+59,2.9821496283559832e-05,218.5833333333342,0.4631002824858784,0.7636363636363637,64.0
243273.MG_439,0.05508474576271186,0.0068330278452472925,0.48559670781893005,0.000239296690134663,2.463482021499619e+60,0.00029251662401208234,240.08333333333377,0.5086511299435039,0.5784615384615385,138.0
243273.MG_256,0.023305084745762712,0.0017939341352287994,0.45341018251681076,7.767111513839473e-05,1.697892374224432e+59,0.00012683395606817338,223.50000000000068,0.47351694915254455,0.45454545454545453,0.0
243273.MG_284,0.023305084745762712,0.0017126139565019855,0.44866920152091255,0.00011572473348345155,1.5474637449750568e+59,0.00021030556153927896,221.6666666666673,0.4696327683615843,0.4909090909090909,137.0
243273.MG_095,0.06991525423728813,0.010537838616085851,0.48760330578512395,6.750025540011166e-05,5.858853607343512e+60,7.179486593637653e-05,243.08333333333383,0.5150070621468937,0.8617424242424242,121.0
243273.MG_101,0.07627118644067797,0.010991482672630254,0.49947089947089945,0.00016804174223346592,6.374121055230597e+60,0.00019415712162736858,247.83333333333368,0.5250706214689272,0.7523809523809524,54.0
243273.MG_427,0.08898305084745763,0.011273693366990025,0.5069817400644469,0.0003801499930251798,6.705480762044469e+60,0.00040497012331689006,252.1666666666669,0.5342514124293791,0.4262485481997677,147.0
243273.MG_397,0.06991525423728813,0.00942516722877141,0.49320794148380354,0.00012690781200336466,4.686888525529559e+60,0.00013423478152348447,244.83333333333374,0.5187146892655377,0.7215909090909091,0.0
243273.MG_350,0.01059322033898305,0.0013443647040751396,0.4366327474560592,6.106714115644697e-06,9.535265323484837e+58,8.686106203890217e-06,214.91666666666742,0.45533192090395763,0.4,72.0
243273.MG_376,0.038135593220338986,0.004244372505702747,0.4600389863547758,0.00010423578749111228,9.5043883529627e+59,0.00012559361878032279,228.41666666666748,0.483933615819211,0.673202614379085,163.0
243273.MG_491,0.03389830508474576,0.0014891603766103013,0.44696969696969696,0.00033440562876638143,1.169933031553987e+59,0.0004187780871033159,222.6666666666671,0.4717514124293811,0.35,90.0
243273.MG_269,0.07415254237288135,0.006954552446905368,0.5015940488841658,0.001159726636124213,2.5516939617818865e+60,0.0013338989873387921,248.16666666666697,0.5257768361581927,0.3546218487394958,242.0
243273.MG_281,0.029661016949152543,0.0023326420943198764,0.4600389863547758,0.0034104369973890457,2.870663569208844e+59,0.003327897515419039,227.00000000000057,0.48093220338983245,0.38461538461538464,127.0
243273.MG_319,0.038135593220338986,0.002388572726789035,0.466403162055336,0.00043770098914395166,3.0100580918316145e+59,0.0005902432583949365,230.66666666666725,0.4887005649717531,0.40522875816993464,172.0
243273.MG_364,0.012711864406779662,0.001874599991088716,0.44029850746268656,5.636077687933545e-06,1.8540434261307958e+59,6.316552192473122e-06,216.75000000000088,0.4592161016949179,0.5333333333333333,0.0
243273.MG_452,0.00847457627118644,0.0012822193652028283,0.4287011807447775,1.859589175516964e-06,8.674186723055211e+58,2.54643871259175e-06,211.25000000000102,0.44756355932203706,0.6666666666666666,0.0
243273.MG_144,0.1016949152542373,0.018786830327619162,0.4957983193277311,5.027470628462749e-06,1.8622830927475212e+61,6.489694458461789e-06,250.75000000000048,0.5312500000000011,0.9804964539007093,74.0
243273.MG_147,0.1016949152542373,0.018978552748499557,0.4942408376963351,3.0303996894266758e-06,1.90048573841514e+61,3.397800863879965e-06,250.2500000000005,0.5301906779661029,0.9858156028368794,50.0
243273.MG_477,0.09957627118644068,0.01846884074615187,0.49320794148380354,0.0,1.7997758418740158e+61,0.0,249.58333333333385,0.5287782485875718,1.0,0.0
243273.MG_343,0.019067796610169493,0.0032124735055505,0.4478178368121442,3.030610756829821e-06,5.4449474389829806e+59,5.655310250827009e-06,220.75000000000088,0.46769067796610403,0.8055555555555556,0.0
243273.MG_217,0.025423728813559324,0.0016215897595587452,0.441534144059869,3.108332896286017e-05,1.3872913529228779e+59,4.691455053187351e-05,219.25000000000077,0.4645127118644095,0.6818181818181818,0.0
243273.MG_211,0.02754237288135593,0.0031637826361114456,0.45297504798464494,1.229589709217109e-05,5.280919912087953e+59,2.0977108514761697e-05,224.00000000000085,0.4745762711864429,0.782051282051282,62.0
243273.MG_480,0.023305084745762712,0.002498558183986029,0.4419475655430712,0.0,3.2936270141376793e+59,0.0,219.00000000000094,0.46398305084746033,1.0,0.0
243273.MG_296,0.046610169491525424,0.006393390768086909,0.48360655737704916,1.827793256936804e-05,2.156566109777566e+60,2.173637208911327e-05,238.00000000000048,0.5042372881355943,0.8441558441558441,0.0
243273.MG_220,0.01694915254237288,0.0009307656935741169,0.41294838145231844,3.998302447430813e-05,4.5705854867643926e+58,4.586013964204812e-05,205.50000000000102,0.43538135593220756,0.6071428571428571,0.0
243273.MG_237,0.025423728813559324,0.0035529722843285973,0.4600389863547758,0.0,6.660159838341568e+59,0.0,226.41666666666734,0.47969632768361764,1.0,0.0
243273.MG_242,0.00423728813559322,0.00030563080176335383,0.36419753086419754,0.0,4.928155740904132e+57,0.0,178.3333333333341,0.3778248587570632,1.0,0.0
243273.MG_255,0.019067796610169493,0.002768476457867437,0.4407096171802054,1.7688791943157938e-06,4.0437226748169295e+59,1.7688791943157949e-06,217.9166666666676,0.46168785310734733,0.8333333333333334,0.0
243273.MG_279,0.00423728813559322,2.0915823195542398e-05,0.3215258855585831,0.0,2.307772523969605e+55,0.0,155.16666666666646,0.3287429378531064,1.0,0.0
243273.MG_280,0.00847457627118644,0.0007842457469971958,0.4100781928757602,0.0010580853898037638,3.2449368976489057e+58,0.0013291512414573621,202.8333333333344,0.4297316384180833,0.3333333333333333,70.0
243273.MG_286,0.01059322033898305,0.001215302448768118,0.4165931156222418,0.0,7.792589085231142e+58,0.0,206.25000000000102,0.4369703389830547,1.0,0.0
243273.MG_314,0.025423728813559324,0.0018271142695845883,0.44402634054562556,3.610222327978251e-05,1.7612945630367306e+59,7.035886954473031e-05,220.16666666666745,0.4664548022598896,0.7272727272727273,63.0
243273.MG_320,0.0211864406779661,0.001115443725322173,0.41955555555555557,0.0,6.564444149549457e+58,0.0,209.1666666666677,0.4431497175141281,1.0,0.0
243273.MG_331,0.019067796610169493,0.0018973300444662007,0.427536231884058,0.0,1.8993227488728287e+59,0.0,212.41666666666762,0.4500353107344666,1.0,0.0
243273.MG_374,0.029661016949152543,0.003302332341843751,0.44739336492890996,0.0,5.7535716677861385e+59,0.0,222.25000000000097,0.4708686440677991,1.0,0.0
243273.MG_381,0.03177966101694915,0.003347875962092824,0.45124282982791586,5.7163255989761284e-05,5.9133743124665455e+59,6.952304453253537e-05,224.08333333333422,0.47475282485875936,0.8666666666666667,60.0
